{"version":45,"hash":{"type":"Buffer","data":"GlyDoRQKwnp5IQdGKsU1h4h95ARdPR1atdFfuGCU8KYTbx9/POT1KNGAsbPwGqP8ZO2A1gjUyw2W2cacjD2FNaiLrOhALeEoFyhZgyZHYwqSKlw8A5pp64V0VmKQtZURJ7bhGRls5lp8YaJSG1Xrwv8gwdF+ehTfiwbIFe7zwEU="},"indexValueMap":{"BjoA4G2OpCdDbmc+jaE+vnlJJs0v0KQouOQgGRdgytM=":{"valueMac":{"type":"Buffer","data":"zoGjiqF4NwwCZNisUjrFUVJ7SG4FO0kI9lqlOZGuNaM="}},"DlKGSwDy6soWSTvvnuiCslcUEDD3kWIaKBB7ZIFKo7M=":{"valueMac":{"type":"Buffer","data":"4VXzF6siSe7QGsesvoFGk6KTAss6gYqohOkWY2bKOKQ="}},"Fb2ajVbhMS/PK2qeXVAreaHAMOTf/dOZ4WpUdt7Ceko=":{"valueMac":{"type":"Buffer","data":"Y81pLVjjdppqR8/hvDgPO6nVFOunyKJUgOtZPcko+yE="}},"KV5NqECk86JyRCoOfCt3lOZlN/c5pJIMXXmVwLvfbBg=":{"valueMac":{"type":"Buffer","data":"sVheAQkcutNMPjavx5LJREpVR0YeVdL1UGK/C38F22E="}},"N7M38KT60RmNDwVDxj/bBUnLef3ieJm2dJA9Q4FDwIk=":{"valueMac":{"type":"Buffer","data":"meWbqCmmzDlyfzaD65fwYaC+dMUXURcjQzw3EAKgyKQ="}},"PIfSRrslDLkGwwPamMc+hh0WUBD0DcBVZdSX0lNxuCI=":{"valueMac":{"type":"Buffer","data":"gswpmp7ctjS2SLRalvMaPY/Qs6xfhyHtWrAvaPVY7+Y="}},"S7b2kFQACfJTnq3umlwtEgEcqjDDBYo8cVt5MMQQHUE=":{"valueMac":{"type":"Buffer","data":"O6rUG7z/X3gg7qnhXYAwKlUIUPhMw8t4n34SFB7wxLc="}},"TBcg696z4JR0QfHgFgX22mHSFp7pMoE7PluLNxEND/8=":{"valueMac":{"type":"Buffer","data":"6l2dL0xhA1XngCDW8y4151Sm1dm8YU2xRHW4RSnz1gI="}},"TPGUXoSVe3VgnxvRAfmU0AV0wPhD2LFxB6dtixoFPl4=":{"valueMac":{"type":"Buffer","data":"qa/ZVsIYpN3h6hu1zIBnIyWSMcgG6uBdpSzA4n1eDdE="}},"T8umcw4i6yCKnSMiw7bCNAxEQHNX/eu0yKJ8daL4if4=":{"valueMac":{"type":"Buffer","data":"q9wiA0RgObms24XZBmHBa8u+wxoyT+JJPS1m7fn49w8="}},"WVveKvnbPzrE2JUOrI4DSy2kBnW5rKPVkeCjLOAn+pk=":{"valueMac":{"type":"Buffer","data":"WA6kffoavjXXvqx9Tt05A7FiV2kb8qZwwS73v8Bw9OI="}},"Wd8ZYc91fNO9QeFNn2TEz2nAkqf6h/IHgWGQkbmR41E=":{"valueMac":{"type":"Buffer","data":"OTLlzir2rfGWrqogbVg/Q6+Ym/S/XYfTrTWjC6sho0A="}},"d5rBHrXRB9G96MAE9z1uGQHrop21tTocPnPXktC0gLU=":{"valueMac":{"type":"Buffer","data":"dpv7CV5Nq7BFOws2PnbKoMdY7/tBQDD4NlvsxA2Fmn0="}},"eir38hR63Ft2TE+cBOMY01XhBN69FygnsvoIYVuW7yA=":{"valueMac":{"type":"Buffer","data":"uRJL8oFKI2MPEhTjODb7UpIIyuZGu6ZVpdk9iTNsl2w="}},"fSXvGKaSeblucqoySINIBPHI0GIdH3q6MjEZ+ikLbQk=":{"valueMac":{"type":"Buffer","data":"kE/vUPWoJQQiCcLiQZ0vo3NeLGRlVpl5GYPRtVtlGEQ="}},"hOw6Lk9jKg+pzSGxVO4wkMP7tLgRKTGTLx+aPAdb4C4=":{"valueMac":{"type":"Buffer","data":"71f88FIj1mBp+2MhLcho70vQtJi/S73DEkX03oDqN2E="}},"le11F0ak2T8gEeSHrST+ajvLBD4Gb1I8YWMsD8s/zCE=":{"valueMac":{"type":"Buffer","data":"zV++ofmLA9BQc3Rt1jww8xB3f27L7UGTgVfBrYpi6oU="}},"mn1p/WiqRdhKLTHCPr46Nu/Qt8xevGJgu123TQKoqzA=":{"valueMac":{"type":"Buffer","data":"oOV1jxVyJI0ipAqVO4xkg9RoyU6I/DA5Pzkcp6ParJc="}},"qssoNnCEgLnhHgOxpi3Ba/YilC5PnoMaKFR0yArZc/w=":{"valueMac":{"type":"Buffer","data":"y0KUEoKCAqxMnYRfWACZY7SAhaXdaggYsUp80pZRQ88="}},"r8RyBR4h2CP4+knaE8o5urDf72eECeQLggNK2dCDfyw=":{"valueMac":{"type":"Buffer","data":"OU4yJacImI+Kr3ugI5TkVbEoKaDQSG5h/JzlXkMY6cQ="}},"0T2IBbVqrkojBRZ1juxECzz5tRGViU/w2Jabl6trgi4=":{"valueMac":{"type":"Buffer","data":"dH4yAh8XMzrfex4j1DnR7kKF3hpBgHXWnqFb3yijgmo="}},"0dm7cCXXKvXP6CnTVX6ZzptyzdtwEHJ8db5qtviveGM=":{"valueMac":{"type":"Buffer","data":"ZlMoLex7pJFRsfaOv5xYS3MVOP1Bxg+UQs0kVQrTVf8="}},"5/UcEWx64ybx6SbFG/oq0DJTzVOBcPsJ2nnuCyrzfmY=":{"valueMac":{"type":"Buffer","data":"SHh4KJKM1QE0HareCQPzDLG6c//WVsS2VGS4PPy1YGI="}},"7SQ4o8Zu/NGrHH+9Vjpy0Zn8h74SYyo2vYGt17FzQ0s=":{"valueMac":{"type":"Buffer","data":"ieIkDwNd03+oRlZKB1ByTFDFR06Y5DHwfEemMwo39Xk="}},"98DQJRllcZltMepU5oMW+7sC9zrBXgDvuB873FDi3jg=":{"valueMac":{"type":"Buffer","data":"Pj+TOS2urk2wMqa+VPKlL4EvA380Kgn/lCrfcGshBEo="}},"CYHR1lTuy9Rs6CQYSytYgXNMk63/RUqSx/ezhJ3uZXg=":{"valueMac":{"type":"Buffer","data":"/sISR64wB7h6R9MeF4S5oiUDaZi3BJP87S8HHqVHSvw="}},"zzHcf320Eh+1bd3Iyqp9HRUBa/JkcLR6+fpjVGD975w=":{"valueMac":{"type":"Buffer","data":"lUuvZklDVP0e5aFFOo1/uzMkUke+Bfus3xz3HDM1YRY="}},"OUfnAfvNI8OxvwBfaii4sQHZBSJ/0taTBpEZ8OwhnU8=":{"valueMac":{"type":"Buffer","data":"Qt/Fn15dk98D/3i9UPeo5Jgtj9k47LdPc9vH/jVDE8Q="}}}}