{"version":20,"hash":{"type":"Buffer","data":"5mpaYdi4W1o7Vm1XrzWxffbl7PzE7RWJs4O9nIKQ9M6/XWitGC/A16lZ2QkU5RUI2uBqLxSwmJ9ZtlqMV3CXi3vl7UypfN7SzlU+40ddRs0+pUrPw1vJZfod/2qasyVZ9A9FzLtEB8ru1vlKpxFeZx5EQ/U5amU/Z2GDibK8bKA="},"indexValueMap":{"kTcOAbbHe/WdIczjQDBvqGrF2vHO6HazF5O5LPHt+og=":{"valueMac":{"type":"Buffer","data":"I0ED3jEQsKGAR1BywmWqVqqu7u7Fl2pNhaC7zv3qYaM="}},"GEr3xiQ0fZ4xaYM9q53a2hmBiNyd6My9OZXwA/pS1rE=":{"valueMac":{"type":"Buffer","data":"zO5xu1s5N7foG7wIbgC92/e65xqfXWiZYStN4pUtycM="}}}}