{"noiseKey":{"private":{"type":"Buffer","data":"mLXd9z2/j2ntPiOI1+xBHtL9ZRrVciblktp7zkQ8w1Q="},"public":{"type":"Buffer","data":"MhWlUe3qE56m6ra4PdSIevZ/ai5wcDcKGFra7bK8Q3w="}},"pairingEphemeralKeyPair":{"private":{"type":"Buffer","data":"mG/AQuEoWwBNgO0FHMYws8lSg5iDhYIHxKZn/C5f734="},"public":{"type":"Buffer","data":"cR+CBKakqInMSsDUKT/UhTLtc3TRUOqW1a9+7UNXKkI="}},"signedIdentityKey":{"private":{"type":"Buffer","data":"QG2egpKhY5BD6SIdFDzKriLJKTu6nY24zK6Y1Ws1u3Q="},"public":{"type":"Buffer","data":"0h+7OXv16S+QWk/v5QAAn6SmFbPRf4BUmfBa6M7kAnM="}},"signedPreKey":{"keyPair":{"private":{"type":"Buffer","data":"ePVzlFKxYYo+nioTmX9O2od/FpiTb1aoQ4GPw8VQRkU="},"public":{"type":"Buffer","data":"IwvP8e/0tpnU4Pw1WeyQnn2Ms6rxVm5xJQgL9qGVbn0="}},"signature":{"type":"Buffer","data":"zspv33728wTYj9Y3y9FH5+ePoJ0JNP+KWkg1Pzky981fOwlXdxsU402jwXTJ/gsIWGZ8oeppHjqbT6rOsvKziA=="},"keyId":1},"registrationId":76,"advSecretKey":"LWyErHQlr++ea1mibpDunQ6HuQ+jua9Y2DnG0pUg/Zs=","processedHistoryMessages":[{"key":{"remoteJid":"51907997170@s.whatsapp.net","fromMe":true,"id":"63FD0BFAB49DA573F6CCA87C17552BE6"},"messageTimestamp":1718631648},{"key":{"remoteJid":"51907997170@s.whatsapp.net","fromMe":true,"id":"8FA6D44B06A9D55D51814CDA118C94C2"},"messageTimestamp":1718631649},{"key":{"remoteJid":"51907997170@s.whatsapp.net","fromMe":true,"id":"A0264B4429FC08E814FBCB4EF4E29131"},"messageTimestamp":1718631654},{"key":{"remoteJid":"51907997170@s.whatsapp.net","fromMe":true,"id":"DD07815F24D8D3CC6DB9AD8EDA6E1600"},"messageTimestamp":1718631658}],"nextPreKeyId":35,"firstUnuploadedPreKeyId":35,"accountSyncCounter":1,"accountSettings":{"unarchiveChats":false},"deviceId":"JQ7zOR4ERy-1gR2Dm_0cFg","phoneId":"a06d35f9-b9d8-494c-a3b2-5f877d03ba4b","identityId":{"type":"Buffer","data":"vGLYJJXEQbD+FQGCS/Q5aujHydo="},"registered":true,"backupToken":{"type":"Buffer","data":"tp4KpYwvKMc8Q7VV/4mQ6MNo1v8="},"registration":{},"pairingCode":"3FHD8Y1Y","routingInfo":{"type":"Buffer","data":"CAgIDQ=="},"me":{"id":"51907997170:22@s.whatsapp.net","name":"Botcito","jid":"51907997170@s.whatsapp.net","lid":"44410465161337:22@lid"},"account":{"details":"CJi1uqAEENz5wLMGGAQgACgA","accountSignatureKey":"qTUyJ2QvtIiPRTqizxjQDYEVU+rVPmndufHPNztEA2c=","accountSignature":"/WeDKBlu0v4JW/P8Ud2UdsxcY0gblQN0uIvWy2TIIXaE+w1uNN4pgckR1c9/6O9oFzbzp3u+MnDlpYa5JtKCBA==","deviceSignature":"poJQic4s97G6pTG+U4HPE/FIb2mL6QcOcJwJ+D0WlqjZoySWy22D63nczT8rnW56frX0mOU4tUV6zv8PkAfogg=="},"signalIdentities":[{"identifier":{"name":"51907997170:22@s.whatsapp.net","deviceId":0},"identifierKey":{"type":"Buffer","data":"Bak1MidkL7SIj0U6os8Y0A2BFVPq1T5p3bnxzzc7RANn"}}],"platform":"android","lastAccountSyncTimestamp":1718895130,"myAppStateKeyId":"AAAAAMHb","lastPropHash":"3L7dFE"}