[{"senderKeyId":914004637,"senderChainKey":{"iteration":129,"seed":"lo2ZqoNxRK0VFhTz6czwaIrBpHB94pddLJaQK8mTyAE="},"senderSigningKey":{"public":"BbmXJMVY5tNE/Nq3ymSBxYSwiXFih6nNRaOHZZvpLd4L","private":"+IYlO1WGka2uYutBAIL9e6m8aN5f/YuPyrrEyqf3RnQ="},"senderMessageKeys":[{"iteration":1,"seed":"Zvn0MODe3I6WOj7l99UxSkijXgBVtV9PIaKepxiqi+k="},{"iteration":3,"seed":"TILCBP25bW1P4cHS8kexjUpSfmc9RoBznLRXGkWdC9c="},{"iteration":5,"seed":"aW9OFYQ1m3LaGR8tO3xEAINa23BG/YOVu8bkHMNJ6eA="},{"iteration":7,"seed":"3XeWTw371uYWOwUs5tJgKCFrinsycUAXE1U451JYO98="},{"iteration":9,"seed":"77V7hyO3GX2aZ4qkybyqe+kMbUfLSl6lgfvvZryCr9c="},{"iteration":11,"seed":"BL3gD1VyY5BmdDG6qoR3prQhFY0MaUaYGZh6ybqK1TQ="},{"iteration":13,"seed":"Qqd57Hh8QmEDLAR9+V9ngCXlJw9dsEHpgwxZLEQF83g="},{},{},{},{},{},{},{},{},{},{},{},{},{},{},{},{},{},{},{},{},{},{},{},{},{},{},{},{},{},{},{},{},{},{},{},{},{},{},{},{},{},{},{},{},{},{},{},{},{},{},{},{},{},{},{},{},{}]}]