[{"senderKeyId":1410044365,"senderChainKey":{"iteration":53,"seed":"gBY+uN8//PoLoOxZIvM4bFLXemGAq6RtCP1uXWDSClg="},"senderSigningKey":{"public":"BVhsjrW8AgjstbKPQuJo18VDTBRrF+ddYefJ5K1ZGQ5S"},"senderMessageKeys":[{},{},{},{}]},{"senderKeyId":1410044365,"senderChainKey":{"iteration":6,"seed":"b9x9CJtJoLESKxKBZvdcHyJ5KijC2x5jUX8c0DvZdmk="},"senderSigningKey":{"public":"BVhsjrW8AgjstbKPQuJo18VDTBRrF+ddYefJ5K1ZGQ5S"},"senderMessageKeys":[]},{"senderKeyId":1410044365,"senderChainKey":{"iteration":46,"seed":"EAGGO65yhClH/kseox1OP7KNvX9hvZJEgzXv43OuGqI="},"senderSigningKey":{"public":"BVhsjrW8AgjstbKPQuJo18VDTBRrF+ddYefJ5K1ZGQ5S"}}]