[{"senderKeyId":340962620,"senderChainKey":{"iteration":127,"seed":"P36DaiksKMIIbwNUCwrDlIIBYW8nZuiprf55L1+cPo8="},"senderSigningKey":{"public":"BUv6WINFybMXA5Hic0Sqne7WzX2ANtciMcW7l8JIsDpX","private":"KIIae3fVtEJkBIQlo3Sko/K4vOPp2LHAT6ItLIhkpGI="},"senderMessageKeys":[{"iteration":1,"seed":"yc1coybvqtkBmdapK0tzJj8ZIrkv45Iz/vk/1LDDfYg="},{"iteration":3,"seed":"SVO0lfG2Oe9ndTeNHrYklG6HBV/3VWDpx04oO7pmh2U="},{"iteration":5,"seed":"dVyDqBKxZ/WSTzrROBjxGo6ofqxhh7q7bE1sMw+4v+c="},{"iteration":7,"seed":"wglYnxSmzstJVMQu9IEpCQQEupdhI+rbWFAKQQI6aLo="},{"iteration":9,"seed":"AVmtfpX8P/wki69aMyACCXK4D37mqbuKPMaonQRRTnM="},{"iteration":11,"seed":"iRinpRentO9Pw5H360dQUM+o3vHsgSG/Xlp6DFtHOQE="},{"iteration":13,"seed":"opkWedlq9B2ZH755+voDtb8ZLEBJQZ/MGON0xVypm34="},{"iteration":15,"seed":"nyF/xZvEohJDw/c3PIMrCj3YulK5/emHNN6gBI6mc5Y="},{"iteration":17,"seed":"OmIH5Zhp3hBzXGHNdc18VpX7a3deYR5Q0OeI9ngjlEk="},{"iteration":19,"seed":"B0TKlkfC8AFYBSMkC5ReYgaoJC+LQyD8FH/j9AmdHMk="},{},{},{},{},{},{},{},{},{},{},{},{},{},{},{},{},{},{},{},{},{},{},{},{},{},{},{},{},{},{},{},{},{},{},{},{},{},{},{},{},{},{},{},{},{},{},{},{},{},{},{},{},{}]}]