{"_sessions":{"BWf/cM9C7DVBhMA5WiWzeUr6Z3GiSGPFji8gaiYZt9MB":{"registrationId":221,"currentRatchet":{"ephemeralKeyPair":{"pubKey":"BY2N5dTj1OrRV9SucinEmejjBLCsZC4bFItK2VMJg6to","privKey":"ELhzXRyx+4/YwNGtJGqH5K3l6Ne3/q0NYYT5prVsfGQ="},"lastRemoteEphemeralKey":"BRCv/pFV2gZYqlZDF9LlY9PhFSgTnx5nL46Mv95TyMtM","previousCounter":0,"rootKey":"67Uni1S/7/xUu3SjDWG4Q4efIgY+cKewRGfP1KDw2Jw="},"indexInfo":{"baseKey":"BWf/cM9C7DVBhMA5WiWzeUr6Z3GiSGPFji8gaiYZt9MB","baseKeyType":1,"closed":-1,"used":1718760469655,"created":1718760469655,"remoteIdentityKey":"BXmyHHk7EleEShIt1r7iMCVeBD9cNMfFFHTaYhRyIrsb"},"_chains":{"BY2N5dTj1OrRV9SucinEmejjBLCsZC4bFItK2VMJg6to":{"chainKey":{"counter":1276,"key":"mdYbhfSVqTnHHxkpXbTwM7zclhUfAQUyg4zyYmrOsVI="},"chainType":1,"messageKeys":{}}},"pendingPreKey":{"signedKeyId":1,"baseKey":"BWf/cM9C7DVBhMA5WiWzeUr6Z3GiSGPFji8gaiYZt9MB","preKeyId":21}}},"version":"v1"}