{"_sessions":{"Bav5ut1usTFlvZRZ5nJP/q//5mK3UA3t5Yq+//b0odh9":{"registrationId":94,"currentRatchet":{"ephemeralKeyPair":{"pubKey":"BZcTqfRM3tXcJbEyX2u2M7Ki8Gfivrj7VvxYp10q+gVI","privKey":"8KXQvpPKqIP1VXll9r5OZl7PLspnTPbj0hQaZF8P4VI="},"lastRemoteEphemeralKey":"Bb1fMi26SRS3QDYHwgmhxcLp07FO5FzlmKVNLt5u6Yo3","previousCounter":0,"rootKey":"TxjG3mbEjQrTtMeHt2Mk2U8SIRN5mV0na/tgOji+2d8="},"indexInfo":{"baseKey":"Bav5ut1usTFlvZRZ5nJP/q//5mK3UA3t5Yq+//b0odh9","baseKeyType":1,"closed":-1,"used":1718631708841,"created":1718631708841,"remoteIdentityKey":"BZu2IvwezzYdgWK3vJrZCBwc/TqahMHyN0MEysBfOLFI"},"_chains":{"BZcTqfRM3tXcJbEyX2u2M7Ki8Gfivrj7VvxYp10q+gVI":{"chainKey":{"counter":1384,"key":"Hpbp3rtKYCcfWOuay8PaWaWMkkIwVJaRcYgJJIxi3P4="},"chainType":1,"messageKeys":{}}},"pendingPreKey":{"signedKeyId":1,"baseKey":"Bav5ut1usTFlvZRZ5nJP/q//5mK3UA3t5Yq+//b0odh9","preKeyId":17}}},"version":"v1"}