{"_sessions":{"BUPJs8YmdtCX64Re4VZiiTZbGrfVokguqj4/m78sRZxF":{"registrationId":126213130,"currentRatchet":{"ephemeralKeyPair":{"pubKey":"BTOL1uzKRAXG4bp0ayajxF1iuSmHO5TEW7/UXKMvX1VM","privKey":"MBCQxubckABr3u8yOXDeWKt/VlR8jCzFL7zstPhqK3M="},"lastRemoteEphemeralKey":"BaCgjvjzjJNCMjUhoqIzzQ3lWUOVh+1iv1wyS5eGz9J2","previousCounter":0,"rootKey":"b99s8CPUnnWfAdF6OIoEXuuGZ9cU9IW3QNH9AjMRvPU="},"indexInfo":{"baseKey":"BUPJs8YmdtCX64Re4VZiiTZbGrfVokguqj4/m78sRZxF","baseKeyType":2,"closed":-1,"used":1718729566093,"created":1718729566093,"remoteIdentityKey":"BZSGUooi/Lct8mS605wxo1VrB/sHzpn1X9mSWkwhx+h3"},"_chains":{"BaCgjvjzjJNCMjUhoqIzzQ3lWUOVh+1iv1wyS5eGz9J2":{"chainKey":{"counter":2,"key":"TSjX2NblSViM6x6iVzoVDYYBy/kctulgavI+0gHm860="},"chainType":2,"messageKeys":{"0":"NoixUjEQrpCxVFK/RPu77kmZuUTDm0jVS0so+g7tY18="}},"BTOL1uzKRAXG4bp0ayajxF1iuSmHO5TEW7/UXKMvX1VM":{"chainKey":{"counter":-1,"key":"RfzxdEwd9dhvnBMUWZDO8YrEdDqken3GKGqaT6zA5WY="},"chainType":1,"messageKeys":{}}}}},"version":"v1"}