{"_sessions":{"BWrmKA0FGGZWJwrpymTZ8SRyeD9vypTYIedaenm0vxkY":{"registrationId":1203433916,"currentRatchet":{"ephemeralKeyPair":{"pubKey":"Ba4z+X21phBjrp3UiP6A2AxYZx7uLULGm14IpNI7dm8j","privKey":"ADQ8d8H6erkP9FLvOO5jkL3nx/F6nc2ScIUztl40VkE="},"lastRemoteEphemeralKey":"BdeLM84UGOFaRZsf0Okg61WKSU7/LhzVezGRHgCDBLtr","previousCounter":0,"rootKey":"WuE+G1VluVLpSP1HDMqW8m1pwbesBr14umsc78yt93M="},"indexInfo":{"baseKey":"BWrmKA0FGGZWJwrpymTZ8SRyeD9vypTYIedaenm0vxkY","baseKeyType":2,"closed":1718750140995,"used":1718631648075,"created":1718631648075,"remoteIdentityKey":"Bak1MidkL7SIj0U6os8Y0A2BFVPq1T5p3bnxzzc7RANn"},"_chains":{"BdeLM84UGOFaRZsf0Okg61WKSU7/LhzVezGRHgCDBLtr":{"chainKey":{"counter":7,"key":"UCyPuekHW1kJOlbpyKpGo2T+LXXNA00p1qXU2zKW1Ng="},"chainType":2,"messageKeys":{}},"Ba4z+X21phBjrp3UiP6A2AxYZx7uLULGm14IpNI7dm8j":{"chainKey":{"counter":80,"key":"5LmSg7frKCOhf0EHD4pukk/AxGtEVCaCMXEBCRxYGJk="},"chainType":1,"messageKeys":{}}}},"BTmbMBtG8Y/d6k6n/ZlKeDWCXNjTugywG7QNXeRfOoBF":{"registrationId":1203433916,"currentRatchet":{"ephemeralKeyPair":{"pubKey":"BSN9chnnYCKW4eKoqv8VL6JSnb0kWbZDB/7a9caulhFI","privKey":"sDKEl/IlnXv29u86AslQUMtTG/SdrLoSapOdgrpCqH0="},"lastRemoteEphemeralKey":"BbPpu1qlQpFMz6hvD7scfPqiLQxDDYgir6MO/za2RTpR","previousCounter":0,"rootKey":"oXepjGfqeLNIbBRFi6poxQy+C1ztjExUkTePxZ3uFek="},"indexInfo":{"baseKey":"BTmbMBtG8Y/d6k6n/ZlKeDWCXNjTugywG7QNXeRfOoBF","baseKeyType":1,"closed":1718750141610,"used":1718750128641,"created":1718750128639,"remoteIdentityKey":"Bak1MidkL7SIj0U6os8Y0A2BFVPq1T5p3bnxzzc7RANn"},"_chains":{"BSN9chnnYCKW4eKoqv8VL6JSnb0kWbZDB/7a9caulhFI":{"chainKey":{"counter":-1,"key":"AIM2NdaOM6vkkhleREHes0FggprtyqCdOdtkEnRH30k="},"chainType":1,"messageKeys":{}}},"pendingPreKey":{"signedKeyId":1,"baseKey":"BTmbMBtG8Y/d6k6n/ZlKeDWCXNjTugywG7QNXeRfOoBF","preKeyId":14541267}},"BRdRmAH0HB7DYY0VlOrWBpiPYZe4Y+m7XN+AEgWP9UR0":{"registrationId":1203433916,"currentRatchet":{"ephemeralKeyPair":{"pubKey":"BRalt6HbvQuyMLUviz674CSro1dxymrr+mRcE32d2IRC","privKey":"SKAHN2oiMGYTXEjVdcZjL5ZXtRKyE5CX8bC1UTkkVlM="},"lastRemoteEphemeralKey":"BT2C+dfApPGvkCsUdiW+T4hj2t+Ut3LZ6ysinXAXRxM1","previousCounter":0,"rootKey":"muYZxCiCxU5BrPZAP0/IKq285pPH9dqUdZV5huQ6II0="},"indexInfo":{"baseKey":"BRdRmAH0HB7DYY0VlOrWBpiPYZe4Y+m7XN+AEgWP9UR0","baseKeyType":1,"closed":1719101362315,"used":1719054659829,"created":1718750141572,"remoteIdentityKey":"Bak1MidkL7SIj0U6os8Y0A2BFVPq1T5p3bnxzzc7RANn"},"_chains":{"BR0sZ/1AxR3EQFpFzIsGi8r4mXJMFxdwUI4FL6VcVg0y":{"chainKey":{"counter":0},"chainType":2,"messageKeys":{}},"BQKkrsSzedOmpigid8CftFGF0yMNe5IXvsURqBOPP4wp":{"chainKey":{"counter":0},"chainType":2,"messageKeys":{}},"BXqV/6JSONooBkR8TJdrXw7YOY1pkhUxXq6ZYDvj9zVN":{"chainKey":{"counter":0},"chainType":2,"messageKeys":{}},"BT2C+dfApPGvkCsUdiW+T4hj2t+Ut3LZ6ysinXAXRxM1":{"chainKey":{"counter":0,"key":"YH76UKnXFQedDLig8AztJlLDTPIvjoizOBBPd8XqU5w="},"chainType":2,"messageKeys":{}},"BRalt6HbvQuyMLUviz674CSro1dxymrr+mRcE32d2IRC":{"chainKey":{"counter":10,"key":"CRm7aEWngRIAzP9m1w1UAAsxLsSpx/bCMfSdiIt2gtg="},"chainType":1,"messageKeys":{}}}},"BaK3SVr8EQuW6hIUmos6XLKz4k+w9jdOLnDC+JX9xl8C":{"registrationId":1203433916,"currentRatchet":{"ephemeralKeyPair":{"pubKey":"BZby1QZQgKhLKwKQYCBxcLFaYW8v+UblPy5iwGNi2840","privKey":"2DbyLV1A9Sx/GkJLZNslAlyS3JpUP/OfrtDDzgkzQV8="},"lastRemoteEphemeralKey":"BbPpu1qlQpFMz6hvD7scfPqiLQxDDYgir6MO/za2RTpR","previousCounter":0,"rootKey":"5lCd70A0ekLI0VXaKqeWCkeH6iv/3R2IgfkzflsW+p8="},"indexInfo":{"baseKey":"BaK3SVr8EQuW6hIUmos6XLKz4k+w9jdOLnDC+JX9xl8C","baseKeyType":1,"closed":1719101362770,"used":1719101362311,"created":1719101362311,"remoteIdentityKey":"Bak1MidkL7SIj0U6os8Y0A2BFVPq1T5p3bnxzzc7RANn"},"_chains":{"BZby1QZQgKhLKwKQYCBxcLFaYW8v+UblPy5iwGNi2840":{"chainKey":{"counter":-1,"key":"oJMWnwoOhtCPWOD/WUFlNohwydfwv5ppPLmXTdnpI5I="},"chainType":1,"messageKeys":{}}},"pendingPreKey":{"signedKeyId":1,"baseKey":"BaK3SVr8EQuW6hIUmos6XLKz4k+w9jdOLnDC+JX9xl8C","preKeyId":14541763}},"BR6rAILjAgmMr0HeHQQh6KeuftnulKQVNWOa8lbH4DZd":{"registrationId":1203433916,"currentRatchet":{"ephemeralKeyPair":{"pubKey":"BX4Q0sexoqB5BjAre8AP8/fLtnrAphnKKa1uISw52ccr","privKey":"IELxte8iwCBEDou9MY56IXJbpSt1ZXot9wTMuGaUbm8="},"lastRemoteEphemeralKey":"BbPpu1qlQpFMz6hvD7scfPqiLQxDDYgir6MO/za2RTpR","previousCounter":0,"rootKey":"IynSXdcHrGKxxGOQOjQ5ttRgzy0QdwPCfv/BqiSzkI4="},"indexInfo":{"baseKey":"BR6rAILjAgmMr0HeHQQh6KeuftnulKQVNWOa8lbH4DZd","baseKeyType":1,"closed":-1,"used":1719101362769,"created":1719101362769,"remoteIdentityKey":"Bak1MidkL7SIj0U6os8Y0A2BFVPq1T5p3bnxzzc7RANn"},"_chains":{"BX4Q0sexoqB5BjAre8AP8/fLtnrAphnKKa1uISw52ccr":{"chainKey":{"counter":61,"key":"PpPmD5FOXRWG3cPYP0c0IG07Gp/4N0UfIBxsSkryMNg="},"chainType":1,"messageKeys":{}}},"pendingPreKey":{"signedKeyId":1,"baseKey":"BR6rAILjAgmMr0HeHQQh6KeuftnulKQVNWOa8lbH4DZd","preKeyId":14541335}}},"version":"v1"}