{"_sessions":{"Bc7/kmDP4M+Iljt8Amo2Nq8JEYOdENGdK9exB7qUOwcZ":{"registrationId":9382,"currentRatchet":{"ephemeralKeyPair":{"pubKey":"BZvOCU3ffTgP+VFfh1Env5lhB3iSTd/MOFlqAaRX0sdZ","privKey":"uOgILUNPLblrQ8R9mv5K4QmOhBxiGU5OkFavrTwczU8="},"lastRemoteEphemeralKey":"BfDnmySXWBmlpvE0XrtjlkX3gOZvZVsuqdHHtK0UQjsn","previousCounter":0,"rootKey":"pHT4Ov7QgtlkuO5AuhaVcmqMzyA0QsHtCP8dmS7fdX0="},"indexInfo":{"baseKey":"Bc7/kmDP4M+Iljt8Amo2Nq8JEYOdENGdK9exB7qUOwcZ","baseKeyType":1,"closed":-1,"used":1719100446103,"created":1719100446103,"remoteIdentityKey":"BWzwS3dInYrPHKPi3yGjLkW7+mrkQTvaq0a/wqb+nmR1"},"_chains":{"BZvOCU3ffTgP+VFfh1Env5lhB3iSTd/MOFlqAaRX0sdZ":{"chainKey":{"counter":5,"key":"oi6cjKOYEQcRrgqvPEZxukGJilSpqFXoDMZfnqNkWaU="},"chainType":1,"messageKeys":{}}},"pendingPreKey":{"signedKeyId":1,"baseKey":"Bc7/kmDP4M+Iljt8Amo2Nq8JEYOdENGdK9exB7qUOwcZ"}}},"version":"v1"}