{"_sessions":{"BcD9izvEonoc06jPu/hoOM0JUM8TuyNbinwFwhpU1HIs":{"registrationId":56,"currentRatchet":{"ephemeralKeyPair":{"pubKey":"BVRPt+X/xogJmhMudfqlXH1aK0mk8UekTv4ij5HvRUQG","privKey":"+IZdmE7J9L98Q2sNZXA2aNpHYkh8zl7wEB11LxMSX2A="},"lastRemoteEphemeralKey":"Bf2BuuF6Ot6/RDvihOuuq5uzDXw/2QOm3aJuQwezCABL","previousCounter":0,"rootKey":"lnVFMW3HYJ6bTj7Dw8OLHph/zg6X88ejgLDgHle9f/Y="},"indexInfo":{"baseKey":"BcD9izvEonoc06jPu/hoOM0JUM8TuyNbinwFwhpU1HIs","baseKeyType":1,"closed":-1,"used":1719100446149,"created":1719100446149,"remoteIdentityKey":"BbGp832XS7l5B65RM2/l3SJND7A14RwMGvMqR+53Y68M"},"_chains":{"BVRPt+X/xogJmhMudfqlXH1aK0mk8UekTv4ij5HvRUQG":{"chainKey":{"counter":5,"key":"FiTopY1kXQ6l05gyKKst0eaUbCwLNT16GICXoEyf98g="},"chainType":1,"messageKeys":{}}},"pendingPreKey":{"signedKeyId":1,"baseKey":"BcD9izvEonoc06jPu/hoOM0JUM8TuyNbinwFwhpU1HIs"}}},"version":"v1"}