{"_sessions":{"Ba9LmHLJ2v3XIo3eNyFKapWYefff99f9AbnZskefQXx6":{"registrationId":282949637,"currentRatchet":{"ephemeralKeyPair":{"pubKey":"BaRSV8zybLc8lbIIXGQxIUXtjYi7IVMLYGeglXsThYsZ","privKey":"mBVCKGAUV5K/UXtsgoRv9rJgNPXTyPQ3b6jbNFo5UHs="},"lastRemoteEphemeralKey":"BWg4emImQvVndQJGpj330M4Tri1yyWzcKE8WztrIAKQ3","previousCounter":0,"rootKey":"FnvdeBomoG6l8pSU+Pg8UHmOqmVV3DSExCdwo2ulZB0="},"indexInfo":{"baseKey":"Ba9LmHLJ2v3XIo3eNyFKapWYefff99f9AbnZskefQXx6","baseKeyType":2,"closed":1718638423871,"used":1718635118251,"created":1718631707949,"remoteIdentityKey":"Begq5OChYZ12VKJ+oGj2VQVynq/d35DfLpwUy/FaJjZ3"},"_chains":{"BQXwy/11s4ykXRYvMLJrApCgyfSBqTMYPLimi9B/7bog":{"chainKey":{"counter":0},"chainType":2,"messageKeys":{}},"BT23nbvMZ4BBD1hYspTT+f5LeLkYlqdoy7CB0kvRE+RV":{"chainKey":{"counter":0},"chainType":2,"messageKeys":{}},"BUsUvK9QmFnPYAc6wtFwdIDVukOOJTeAtc4EBeXazd9q":{"chainKey":{"counter":0},"chainType":2,"messageKeys":{}},"BWy43wqBKzb2bYTiY7VCTEdHWCWGTOwyYKZ+JwZ+sY9r":{"chainKey":{"counter":0},"chainType":2,"messageKeys":{}},"BZB+FuaLAtZ3yPr/tH/XnmPw5Ve+/U5y5vLr9n6N3HcU":{"chainKey":{"counter":2},"chainType":2,"messageKeys":{}},"BTVlBw0JhZh/Y0F9jtqsTSw/6LMF7XR4jOrprmYikX8D":{"chainKey":{"counter":0},"chainType":2,"messageKeys":{}},"BbZ6iT9LFOO086xNQ4jbB09D+fs9GjxcpvZ2JyT4lrkK":{"chainKey":{"counter":0},"chainType":2,"messageKeys":{}},"BbqxXiWE8QFnS0MvPnZidSU29zpZ5+nbIpoFHJKls2Qe":{"chainKey":{"counter":1},"chainType":2,"messageKeys":{}},"BdiPGOzZuwbLY0xby/F+tT9bGKBhcARWvaRnHUkfkcgF":{"chainKey":{"counter":0},"chainType":2,"messageKeys":{}},"BYzCfB/yCtkxSJMgbv8NHGq+2yv5dzoP8NWFP95wZuYx":{"chainKey":{"counter":2},"chainType":2,"messageKeys":{}},"BdjKntnttpAXuMRpgEVV/s4K13FfTpq9R4ohB2e1ZMhG":{"chainKey":{"counter":0},"chainType":2,"messageKeys":{}},"BYV/M/4c1vdaC9I14FSNDflfS37u3yoJmHhbK3dMpSRX":{"chainKey":{"counter":0},"chainType":2,"messageKeys":{}},"BWg1sNy0MVu7m+cVOOw+9Jitm4VMjgulP0qN8BIPAdYn":{"chainKey":{"counter":0},"chainType":2,"messageKeys":{}},"BRTLx87lzvsEMPEHHKBLCQIQgH38HpvzzMIrESPhnUMq":{"chainKey":{"counter":0},"chainType":2,"messageKeys":{}},"Be5UvmqDTH4lc0ILMUcGuO3Z1QaESkrsh379blMOjdUp":{"chainKey":{"counter":0},"chainType":2,"messageKeys":{}},"BbTLyeQvRb1LmxD8+OSgprwPLUodDNJqCD7Iquh5KIJw":{"chainKey":{"counter":0},"chainType":2,"messageKeys":{}},"BYuyQDlS2w1ZzLTYHYww7Ps6nbQvgP/VK7GcVGwVxHpa":{"chainKey":{"counter":0},"chainType":2,"messageKeys":{}},"BUYNaGUlixUq+PZuJtw/QtE3CJT1gKJYBmG3tOVvlr0v":{"chainKey":{"counter":0},"chainType":2,"messageKeys":{}},"Bc5SD9Yw6h055z2Z8w6SFLoqO+66v4ijIDnNWg6NQqYj":{"chainKey":{"counter":0},"chainType":2,"messageKeys":{}},"BYqQx8OJ57YO64Bvx7fyAn5kSHnWswReYmFZgG6+SpVj":{"chainKey":{"counter":0},"chainType":2,"messageKeys":{}},"BXl2Mu+WAN1f4mXaqh37BPUoeE/7RcPcJTVeeJnmi11k":{"chainKey":{"counter":0},"chainType":2,"messageKeys":{}},"BZ7qpiXcu9YfdX/GsvMasuhxTZfhha4MlTtHyvT3SssA":{"chainKey":{"counter":0},"chainType":2,"messageKeys":{}},"BR0tt7dfpnkqHGyg5nfVscQZ3zYLgOQjZKLo3KrF7DAl":{"chainKey":{"counter":0},"chainType":2,"messageKeys":{}},"BW8acqoXiqYkciE3iaszhWCE4SxhTF0QWuEBrlX4Z5pk":{"chainKey":{"counter":0},"chainType":2,"messageKeys":{}},"Bd7DbHihQ2ZKC7flDEibkFrdNCHqLhvRSC+5+a/4ZWYb":{"chainKey":{"counter":1},"chainType":2,"messageKeys":{}},"BWg4emImQvVndQJGpj330M4Tri1yyWzcKE8WztrIAKQ3":{"chainKey":{"counter":1,"key":"dUV1aRjFd/804TcjGDed0b6sIpIdpCsc/EEot4PucL4="},"chainType":2,"messageKeys":{}},"BaRSV8zybLc8lbIIXGQxIUXtjYi7IVMLYGeglXsThYsZ":{"chainKey":{"counter":0,"key":"HI8HYz+U/+yIGEKcuCKByTt6XeeFIdVxyRyeKkRirpw="},"chainType":1,"messageKeys":{}}}},"BXxS/hh2MTjqAuEvUgmnmWOhwZP7N7wjAW6UWEw+ogUl":{"registrationId":282949637,"currentRatchet":{"ephemeralKeyPair":{"pubKey":"BTOp62m5u0UjbiPmSdjYY5CR920LWKFCfhCuxq0R1wQo","privKey":"wAfOS49gNATsmtYjDxH3fyajZq/wpJnw8egHYbYlang="},"lastRemoteEphemeralKey":"BYoa61lXcCd1ARS6iXuOW4Ovay7Tudk4WG89poj975ob","previousCounter":0,"rootKey":"yEaXKlGsbdP1jppQuujnOodCsfVR7Q9YEGwJKzGfmgM="},"indexInfo":{"baseKey":"BXxS/hh2MTjqAuEvUgmnmWOhwZP7N7wjAW6UWEw+ogUl","baseKeyType":2,"closed":1718666992697,"used":1718652781819,"created":1718638423875,"remoteIdentityKey":"Begq5OChYZ12VKJ+oGj2VQVynq/d35DfLpwUy/FaJjZ3"},"_chains":{"BdZio47lhmxWVmEgTPFyBQbc8C7lwLsnNReJgUVNkbJG":{"chainKey":{"counter":0},"chainType":2,"messageKeys":{}},"BQwfZNNtgbu0goDRWPifwbRd+6pGXhMvw6dAikvZrnx1":{"chainKey":{"counter":0},"chainType":2,"messageKeys":{}},"BdKZ6QN9VoMORN2bBLYhlhOD0gUTfxf1ArUxgydpmCBR":{"chainKey":{"counter":1},"chainType":2,"messageKeys":{"0":"cnXC0FrOSnxgVCnZ2HRzlXTlHjFWLmXW3TlYGA3bMIE="}},"BX6j7b7mxcASlQKTHfayUKB4vhpzlZWTIGGNAPT/Ucop":{"chainKey":{"counter":1},"chainType":2,"messageKeys":{"0":"p9aBFq3FSoy6uxLyoH163mYh7FMJVotwfOp+QBPoNX0="}},"BezbyY8Y3o9iajc9sn202R32eOJdV7fvl3FXO7Y1PvM1":{"chainKey":{"counter":0},"chainType":2,"messageKeys":{}},"BXDrLOV33Qb/BkYQZhrT37FLSfzU9qmJNyMHOJFirVc0":{"chainKey":{"counter":0},"chainType":2,"messageKeys":{}},"BXHB/THsDcYZ3exzV2DE2WNsVrLbt5b2sz1OBcYFivUp":{"chainKey":{"counter":0},"chainType":2,"messageKeys":{}},"BcKSKahme0SRKWMw6YBrZYwdJNtZWC6cFJNgwCqNy6Eu":{"chainKey":{"counter":0},"chainType":2,"messageKeys":{}},"BWp89IBv5vqc2J4N9ch8SiqRNlihVAh+ofJM9RRFQlMS":{"chainKey":{"counter":0},"chainType":2,"messageKeys":{}},"BftKq28Zbw9bP5gkEt3giwQxdKn3x/Q4ZAx5Vx0xyVcC":{"chainKey":{"counter":0},"chainType":2,"messageKeys":{}},"BYoa61lXcCd1ARS6iXuOW4Ovay7Tudk4WG89poj975ob":{"chainKey":{"counter":0,"key":"JtL3WspfKkPnYofsXvUFb7sMD1qWbIPVe49qMEDfTAA="},"chainType":2,"messageKeys":{}},"BTOp62m5u0UjbiPmSdjYY5CR920LWKFCfhCuxq0R1wQo":{"chainKey":{"counter":-1,"key":"swrvxuUwQX9T+I4cTJp0/VeYtkV55qy+kTvM37xbbW4="},"chainType":1,"messageKeys":{}}}},"BaqtLmxcvfVFaIFDIJbE617tozIxiR/G/KK7L2ZA+rY9":{"registrationId":282949637,"currentRatchet":{"ephemeralKeyPair":{"pubKey":"BfkieP0gfd0T4hofvZ5ZMH0x9YOK5B3UKJ1ch+wXL5pZ","privKey":"uCnGx+gBjcBqG0C2AiiQpNpdUELD7Ji/PNwaN/nLHXw="},"lastRemoteEphemeralKey":"BdbM7Z+q8WjIj8gp9SskkpxsZ3zLGmRQL8oFfEdYuyRL","previousCounter":0,"rootKey":"2wVCDceguFh6Q+VGL+SYZftslSTaXMTK3ziu6jFAozc="},"indexInfo":{"baseKey":"BaqtLmxcvfVFaIFDIJbE617tozIxiR/G/KK7L2ZA+rY9","baseKeyType":2,"closed":-1,"used":1719117004913,"created":1718666992702,"remoteIdentityKey":"Begq5OChYZ12VKJ+oGj2VQVynq/d35DfLpwUy/FaJjZ3"},"_chains":{"BQQxyfUhoYsN4szaKNP7sBZxok4tGnt6rvW+a12Oscop":{"chainKey":{"counter":0},"chainType":2,"messageKeys":{}},"Bcc5Os+AS0HKw6fQdYV70NdQ6V06gIVIWHIaYXwEf9w+":{"chainKey":{"counter":0},"chainType":2,"messageKeys":{}},"BaDxl0R5533nlAwUbqHQqnGjCUUPHQnGMGpAh2Lr5llf":{"chainKey":{"counter":0},"chainType":2,"messageKeys":{}},"BTgjDdYuqB7YPhcBoDO5yTkwjHzUwpUqrKpK/MUi9lwN":{"chainKey":{"counter":1},"chainType":2,"messageKeys":{}},"BXp5jB8qvJ+Y7ZYrfdSp/UjVIinkQzlWxrmmU1XwbtEP":{"chainKey":{"counter":0},"chainType":2,"messageKeys":{}},"BXGEDD7iX2SfRKf+6NwaUASn3U642ZX0GKJmH3JVaHhC":{"chainKey":{"counter":0},"chainType":2,"messageKeys":{}},"BT/ocdW8xCKsinNuI3OyiFnVWfAISZ+PpwWNyNM/Oy10":{"chainKey":{"counter":1},"chainType":2,"messageKeys":{"0":"K7hnG6cYtaIQxXVZECHdNIHqOAvAm8Awi7iBhvF9GxY="}},"BeQ36lr4Ela8DaRmeilnvAFgB0T+TaNKHiSydtKOdW94":{"chainKey":{"counter":0},"chainType":2,"messageKeys":{}},"Bf2Z0EXhV1hwAQguuX7PBQ1QiuRXDqIdmFl2tQBoiF0T":{"chainKey":{"counter":0},"chainType":2,"messageKeys":{}},"BYfb8Xb2eB8yxr+LkSa/UYoHdLwzN17tRQD2w4l/Tnov":{"chainKey":{"counter":0},"chainType":2,"messageKeys":{}},"Bdt2MLaPPfSqs5qFLtU/qQS6WKcmDBe4l2CWUJBtSw1w":{"chainKey":{"counter":0},"chainType":2,"messageKeys":{}},"Bcgu8ofU85fSGDdorA1wuwDbbR7KR/sC3wXiZkso+RA4":{"chainKey":{"counter":0},"chainType":2,"messageKeys":{}},"BbT+dfCD5gciv/TGoEf7lDCO/68OSj/Yw6vY31/SG05d":{"chainKey":{"counter":0},"chainType":2,"messageKeys":{}},"BWMcTjvTLfPiIUkx4Ne7Gqb2ErleoDtmY9R2mtY4KgQi":{"chainKey":{"counter":0},"chainType":2,"messageKeys":{}},"BZhQu9v4kAYXDbRp0fHOtk2fYPlT1MjmJQKDMj4pXAMq":{"chainKey":{"counter":0},"chainType":2,"messageKeys":{}},"BVkQms7LmAmztmirYjjjyraKB4KzDw6xlkut2w4SQfoE":{"chainKey":{"counter":0},"chainType":2,"messageKeys":{}},"BYEizY+s3guNpAnQm7gM73JeIn2MLlCIzM9HAMhCbqoN":{"chainKey":{"counter":0},"chainType":2,"messageKeys":{}},"BYgmIMCPfqhpz1UNCJTUD2mTFvBmpWdGJP+Bb2x1G7US":{"chainKey":{"counter":0},"chainType":2,"messageKeys":{}},"BQVoNpcib8pnBWadEHlx6p6LaEgJLILTJu+UBcfXMbZx":{"chainKey":{"counter":0},"chainType":2,"messageKeys":{}},"BZon/Afg23n5xWtCv23WfIJoa9A3Gdks2QRN8AWE+IwQ":{"chainKey":{"counter":0},"chainType":2,"messageKeys":{}},"BTTw5JfMa42F9eyS1BygJWKY++BLsY1p26vGs+WkdewN":{"chainKey":{"counter":0},"chainType":2,"messageKeys":{}},"Bby45hMeE6CgKrELC8CRLwxa82bjeW3FJT83INPdzABI":{"chainKey":{"counter":0},"chainType":2,"messageKeys":{}},"BWp8og5QHagxcHjj9EHQ3qjT0hZsNj/BE0ze0lDm9Jk5":{"chainKey":{"counter":0},"chainType":2,"messageKeys":{}},"BRA0PjIr/fSt3dUr/RHB5KWWU8mzVMQnvRfca6sinKQf":{"chainKey":{"counter":1},"chainType":2,"messageKeys":{}},"Ba7lnOj6q288276Aylq1FsnbGJlXY2XS4oLbQGm5iuxJ":{"chainKey":{"counter":0},"chainType":2,"messageKeys":{}},"BQlitUGsp7cSLxzLBANMB3s6YhoxoK5DIKhxDXZMp3Ay":{"chainKey":{"counter":0},"chainType":2,"messageKeys":{}},"BThnX+LmZvgJwfn2q6Kd7/9nnpJ0tNF4S+nLwuKj5SQm":{"chainKey":{"counter":2},"chainType":2,"messageKeys":{}},"BUqeg3IG17TCPGwCxM7+H+PHY856on8ulsUdjYEMy1kt":{"chainKey":{"counter":1},"chainType":2,"messageKeys":{}},"BS24RiuCxRPDV2Vd6+ek5DrB7dpta1avRcTo7twGCgAt":{"chainKey":{"counter":1},"chainType":2,"messageKeys":{}},"BSYn/zj1ESxKmPLfxVmeo0tyGfzqUY6VJRA+s+S8e9Id":{"chainKey":{"counter":0},"chainType":2,"messageKeys":{}},"BZ8bhcBC8j6JfxK5ReiqV/NodfGTDCiqtRxwIJPLCvw8":{"chainKey":{"counter":0},"chainType":2,"messageKeys":{}},"BX5b8F65PvA6d+0ompTwbRZcTQAopaO+a1khEo1RyAV3":{"chainKey":{"counter":0},"chainType":2,"messageKeys":{}},"BcPQ6x0ZZ5YcTL/TT9+mNVeKQ2c0LVRYXfdZTAwD0FAf":{"chainKey":{"counter":0},"chainType":2,"messageKeys":{}},"BWDstO0v9zfjcnpS+ZdSuSdAXYgnjN69/7W69ZDIrlca":{"chainKey":{"counter":0},"chainType":2,"messageKeys":{}},"BZLX1x/4RZs6ZcFaJnAEfdtXaSyP/EUb+1qQU6qF9CcM":{"chainKey":{"counter":0},"chainType":2,"messageKeys":{}},"BZyuR0PB6bKMP/ZjUMZRF5gz15v1iddphR5Dh2aLPJpb":{"chainKey":{"counter":0},"chainType":2,"messageKeys":{}},"BdFWP/Sf8KqbTkgYqMUqVrLBPTl7xdJV9Rhv/yBBPtpx":{"chainKey":{"counter":0},"chainType":2,"messageKeys":{}},"BctmxA6T+m9ErQx73IJRrreU+0WvDZWvse/GgwrXldpU":{"chainKey":{"counter":0},"chainType":2,"messageKeys":{}},"BdppgBTpOBXTCbXxiXQP3jSuEXBWdShIaDTNHOuYwFEw":{"chainKey":{"counter":0},"chainType":2,"messageKeys":{}},"BdEopd8P1Ye8gkDq+ptPsP1tHy1P30oTk+atUwqy4hY4":{"chainKey":{"counter":0},"chainType":2,"messageKeys":{}},"BUH8eZawnIWGJRmJKWWDNaIOPdTbOA7ziLHYOrXnEYhp":{"chainKey":{"counter":1},"chainType":2,"messageKeys":{}},"BexZ5j2OHqEd8LDeepgNpLIoJG3RXmOlzow4xobmbCUB":{"chainKey":{"counter":2},"chainType":2,"messageKeys":{}},"Bcf9RDckhdzfXO64rUfqGAVnqpI49DZU6MVMl0709MAo":{"chainKey":{"counter":0},"chainType":2,"messageKeys":{}},"BVyoBVO69Y5FD+QKJ41DAY2KszBGkusV4lULkO845xkR":{"chainKey":{"counter":0},"chainType":2,"messageKeys":{}},"BTjrJMnu0tp5eVVdmVJvH8YmdNgfxpjANrEYZ7j+H8IA":{"chainKey":{"counter":0},"chainType":2,"messageKeys":{}},"BUgtA219xET0OKj0x/5AUrgGtYjYF9KLRGtWhvseRcsd":{"chainKey":{"counter":0},"chainType":2,"messageKeys":{}},"BZsc9toxQXfVmDYNs6Bi+VuUhW6boNBU3DZmJQAvtONg":{"chainKey":{"counter":0},"chainType":2,"messageKeys":{}},"BVrM2vCLZ7bsHReVtV8M0P44lp8+ZOaE9xAIhkq8C6MW":{"chainKey":{"counter":0},"chainType":2,"messageKeys":{}},"Bf2OA7l8bFmKH3kFF06gPGvHtgqhCSG57vddFhRGlWYh":{"chainKey":{"counter":0},"chainType":2,"messageKeys":{}},"BcMhx2UGNvyb10SfCdtL8ecTrxaY3bbW1BGPZBvwBXte":{"chainKey":{"counter":0},"chainType":2,"messageKeys":{}},"Bang6JNTwFdtrHtUhiNwA9/8GeY2HaKdrMYsv0ArfzZ8":{"chainKey":{"counter":0},"chainType":2,"messageKeys":{}},"BSfqpQMnsgRxE4UnRn8rxNMXOf+LjVBIpLVzO2YOAG99":{"chainKey":{"counter":1},"chainType":2,"messageKeys":{}},"BWD0f1mvU+wCx77DBkXmxpva1KmKtx9l9VFEm9MODng5":{"chainKey":{"counter":0},"chainType":2,"messageKeys":{}},"BaUQedsKHMDtc/zyJo6j41lnSCsz+b9CDjyGOOW9VG5W":{"chainKey":{"counter":0},"chainType":2,"messageKeys":{}},"BaFwKxbcuABxZrnCko9IND6wfQ9UU4DMQVZKvgCiD+oo":{"chainKey":{"counter":0},"chainType":2,"messageKeys":{}},"BVkPRDwKeoJBW2eknO97C5yMk7KMFcbQJYeMZocF5gRr":{"chainKey":{"counter":0},"chainType":2,"messageKeys":{}},"BX6UYHMqpCf83oneN0H7Ga494CLEme+GcItP8zdcInR6":{"chainKey":{"counter":0},"chainType":2,"messageKeys":{}},"BYSNQ83Pdf9dlIzySUB82Qg7JHOs1ZNc/31MzsJRHTJp":{"chainKey":{"counter":0},"chainType":2,"messageKeys":{}},"BUwlF0HmzpyJZPJ9QJpEre1pJhxLf/jnO+K6dUVqQikH":{"chainKey":{"counter":0},"chainType":2,"messageKeys":{}},"BXXDKDCyawmot0OC6wMQ7B//7e1CLnKdwBKToZlSOUMe":{"chainKey":{"counter":1},"chainType":2,"messageKeys":{}},"BQnLy29kUTKzmVci+3taJL5cnKaJBuzFNhXaXStqox9u":{"chainKey":{"counter":0},"chainType":2,"messageKeys":{}},"BaGeIU/An9k0+XOJI+0C8LAhDVdPNPlPbzv205/0z0Uh":{"chainKey":{"counter":0},"chainType":2,"messageKeys":{}},"BWnRTBOLztaKqOAYCBpu4IJCv7UUt/Y9jvfBF6OtcrUk":{"chainKey":{"counter":0},"chainType":2,"messageKeys":{}},"Bf3FDqt1mxDTB+6JfD++1hAiASU4dsAI8zw0a4oYIXtd":{"chainKey":{"counter":0},"chainType":2,"messageKeys":{}},"BRxzzHuqmXNoBDw9WfHgkfwHwALPemdqoptUI82NvyUI":{"chainKey":{"counter":0},"chainType":2,"messageKeys":{}},"BUXKeQojXssn/sOz33d4gtUZN60jAMcZfBc/q7Dqjy1g":{"chainKey":{"counter":0},"chainType":2,"messageKeys":{}},"BUHe4StvYdpL4h3Tza1EfmESlsdnrAT4oIk/rYnjhadf":{"chainKey":{"counter":0},"chainType":2,"messageKeys":{}},"BTczuCUzZXziiLyFdpZY6vmmUMHr5ah5YspaHF5z97l+":{"chainKey":{"counter":0},"chainType":2,"messageKeys":{}},"Bfd0VzhW8ybluumv3ouFrf85ODC3LlZySTcA/IlN7q1h":{"chainKey":{"counter":0},"chainType":2,"messageKeys":{}},"BbDsCbinbjJAKtECKU+7ILV1ZJQlRjrs2trCtFpJEWNA":{"chainKey":{"counter":0},"chainType":2,"messageKeys":{}},"BdOdyHT8jyehumqnOqU7dvx3EaLXILNHEiGjsDIjPrsc":{"chainKey":{"counter":0},"chainType":2,"messageKeys":{}},"BR5z4TKXJJ3i1KhRVUUzL3CF2hKHhkEja2TaoWZ0pM9s":{"chainKey":{"counter":0},"chainType":2,"messageKeys":{}},"BWT2yPK0H+ZXeJGeYgwNR7A/NKAnbL7Xtm3bfAN7biRf":{"chainKey":{"counter":0},"chainType":2,"messageKeys":{}},"BYKdcVCEHhE/n4AZ4dFOuBL/dAHxuc2NajQZkmQNdGM+":{"chainKey":{"counter":0},"chainType":2,"messageKeys":{}},"BeArus2dwKovDpz98vdlFYpoxw9Zb7j4t+vRWYP2+nUu":{"chainKey":{"counter":0},"chainType":2,"messageKeys":{}},"BaOmgcAHIt6nVuEMjPSBTVm9dic4Xb+4qJ5XRofQ4zwv":{"chainKey":{"counter":0},"chainType":2,"messageKeys":{}},"BXudBjltsG6trC5l0i4tdoY1Ku2c8bktg3pJH5v3dEpT":{"chainKey":{"counter":0},"chainType":2,"messageKeys":{}},"BcwOcZ/3zUnIWtT6LcijzsrKL1cBoMnqLJd/VQ8jiAoi":{"chainKey":{"counter":0},"chainType":2,"messageKeys":{}},"BbqMwDIexnyJQjecj3GPzd0NCmxRdQSdrXHWvT6W/XRr":{"chainKey":{"counter":0},"chainType":2,"messageKeys":{}},"BVeKaDF8f2GHkVxPg7dH2bsYHWHrwi5DNvEchSUgmt5h":{"chainKey":{"counter":0},"chainType":2,"messageKeys":{}},"BQDHSme13MbgQa8FMf07+z97MZlgRZYDQTWde1lLKd8G":{"chainKey":{"counter":0},"chainType":2,"messageKeys":{}},"BXe8RdnmQ3/a+ttrfFY8yM7iP6y6sn+cQR1aXZONZe0Z":{"chainKey":{"counter":0},"chainType":2,"messageKeys":{}},"Bf6Kg6CrbsSbm0szYR+iszUX5prFIHg2YFR3Dijr7Yte":{"chainKey":{"counter":0},"chainType":2,"messageKeys":{}},"BW7Hn2AqCzwFL3UzDTuZHd8ZLlYdf+CFy5ZCTTdlmXAD":{"chainKey":{"counter":0},"chainType":2,"messageKeys":{}},"Bcit9IREn2RYe4GdJ/iUzfaghMzJJMfx/LkeQX0T3GQc":{"chainKey":{"counter":2},"chainType":2,"messageKeys":{}},"BXwCaXFgBl09eZo9skq7fEjpuZOlxogQ0hAp0omB90Ra":{"chainKey":{"counter":1},"chainType":2,"messageKeys":{}},"BaBOJ2MRGXhKVKduwIxF4nz2qMnPA6FWAnIxNxuLgg8e":{"chainKey":{"counter":0},"chainType":2,"messageKeys":{}},"BdWPpaVjoxmjAw562rQA3/aoTIdJFewOXkPxc6tq6Zp5":{"chainKey":{"counter":0},"chainType":2,"messageKeys":{}},"BYou1Ss+FzvC+CN9Ba5wU185jxCWC8tka1WWT8uwyJlp":{"chainKey":{"counter":0},"chainType":2,"messageKeys":{}},"BT7iQnXYpNwaiWDxJF7YF0C8iGr8GK16H/CHmakCZ2A+":{"chainKey":{"counter":0},"chainType":2,"messageKeys":{}},"BXhFqIffxOBDBk9gYi5cjbg3RHQIae/OoBbYwGF6l9Uy":{"chainKey":{"counter":0},"chainType":2,"messageKeys":{}},"BQZaXEtindtau2oQS0XGg+DRrQ4JkQwC+cG1XYwP4DNt":{"chainKey":{"counter":0},"chainType":2,"messageKeys":{}},"BRAk1RwW431x4oZqQkBDFG8RiHdcRa9kR4FIEKslzDEw":{"chainKey":{"counter":0},"chainType":2,"messageKeys":{}},"BWZZXMTwDq5wnqGWI2MVUSBePNgT5WeQB9aIf38OLLZS":{"chainKey":{"counter":0},"chainType":2,"messageKeys":{}},"BRODvV7DlggI7OJ7UnojkUZH8jL4XAzweRyPNdVxeYhL":{"chainKey":{"counter":0},"chainType":2,"messageKeys":{}},"BXEDzJY3ppQcrbgeN+qEWUwGgLPMCRA+7OZBCmLXyVxJ":{"chainKey":{"counter":0},"chainType":2,"messageKeys":{}},"BeOt2iNJfXL8mkPpwHJil/i2l0CNMTtNpzTcFcQJXN41":{"chainKey":{"counter":0},"chainType":2,"messageKeys":{}},"BbBhoMBCfM1ReCybrIfAQqrlVPOvSR8Jd0E7xHjD5aJA":{"chainKey":{"counter":0},"chainType":2,"messageKeys":{}},"BZaYHdbLbLvO3sdJZmoUpP4DY8gGng3YuWkwYukb2OwD":{"chainKey":{"counter":1},"chainType":2,"messageKeys":{}},"BSfOEP+JQ9umzoU/55eLWsDy+N0x9zBNVokPnHVsZgkE":{"chainKey":{"counter":0},"chainType":2,"messageKeys":{}},"BTvxM9ZlAdVKHK7VQDzC++rAbMO77wF2TDbSrvc+GY5O":{"chainKey":{"counter":0},"chainType":2,"messageKeys":{}},"Bcy8zMLLp7Pa1UgrxO6CZw6rHEORYFIcUvRxpkPHHRd6":{"chainKey":{"counter":0},"chainType":2,"messageKeys":{}},"BS1C/b7YV7RVp5of1rZhzYhkrNNgJgk97llLUBYC/mFy":{"chainKey":{"counter":0},"chainType":2,"messageKeys":{}},"BYlypvdshcEJJFD5SuejBu/cd22mQUcRf2FajGC4quN+":{"chainKey":{"counter":0},"chainType":2,"messageKeys":{}},"BV0aJxlz7MfUdd3kg/FTXjAVAqpkO0f6/Bls8Ne4FVMd":{"chainKey":{"counter":3},"chainType":2,"messageKeys":{}},"BdvlwDeFUc/1sYvxPVN+Yc1Z6SfT830P+z4TOTfd1o4u":{"chainKey":{"counter":0},"chainType":2,"messageKeys":{}},"BYPG9qr9HXc8mYae6OdgC3uBnSGYr2de4BAP8bI+0pcE":{"chainKey":{"counter":0},"chainType":2,"messageKeys":{}},"BXyqi5rfnXB+rFCetzirYyluh0wMFkkc1oPqqd1Fn1ln":{"chainKey":{"counter":0},"chainType":2,"messageKeys":{}},"BfjHXz1zDGvXmIA+1714rKWzt61B8XYroe7nV/hiD/8l":{"chainKey":{"counter":0},"chainType":2,"messageKeys":{}},"BaCnjSz2wh93WCSZJJufCN7UZMlw4ow2D2wuzOWg/LYI":{"chainKey":{"counter":0},"chainType":2,"messageKeys":{}},"BTxh/xvcKJJHDfdslhJ401n0KgX1yrjK9ilHemo5bdgI":{"chainKey":{"counter":0},"chainType":2,"messageKeys":{}},"BT/1KCNyMXtbZOgyjEYABYPF3NDd57Q597kqsqq3B+0/":{"chainKey":{"counter":2},"chainType":2,"messageKeys":{}},"BQMhaabjbtO0ekdOPSKAUWRIIx2KBrNgDP4bdAYCaoBE":{"chainKey":{"counter":0},"chainType":2,"messageKeys":{}},"BV17Mj5mdy/O4YG6q/Lor3DJodhzGF2w11aCC80BblgZ":{"chainKey":{"counter":0},"chainType":2,"messageKeys":{}},"BXW7GAl04SyvbSjzjTjkUdsIB8C5Ma3GLXuqGFY3l1pf":{"chainKey":{"counter":0},"chainType":2,"messageKeys":{}},"BeePqbSO/UoZlmoCzWEgJhl6/zXzb5upDBkiYNd/tUwH":{"chainKey":{"counter":0},"chainType":2,"messageKeys":{}},"BYc29py1ytuJ3fEyjT04NUuETNOG+rmyASStwD6AWcNF":{"chainKey":{"counter":0},"chainType":2,"messageKeys":{}},"BT7Jnc9k10SbCq3c5zSdKiixyGgE8ICglaGuJPmpAkQQ":{"chainKey":{"counter":0},"chainType":2,"messageKeys":{}},"Bf4RLgYul4IGfyKv2wUDuNc97+gz0nzaVXnWGggiu85L":{"chainKey":{"counter":0},"chainType":2,"messageKeys":{}},"BczugIiS65W4r/yIvfYpX5nd3OMGohMSZpYB09ksRBlG":{"chainKey":{"counter":0},"chainType":2,"messageKeys":{}},"BXaVPwySGuTDD4ozwqAaXLnp5zCG+85xpL1DBenio9J2":{"chainKey":{"counter":0},"chainType":2,"messageKeys":{}},"BXEO3AA03nIA4RiiplnP5kZ6w7HbqCHu8Tq/QBAK2qhQ":{"chainKey":{"counter":1},"chainType":2,"messageKeys":{"0":"USEvlL9nMI8OHC5JipMXo2yi8LN6HTUZzpaO0/xin/A="}},"Bem5QuDW/x5r28x5IFqBgnypM8KyXDL3BtNrocV7uvAA":{"chainKey":{"counter":0},"chainType":2,"messageKeys":{}},"BViGz02Iku2ZMCzXH7qqhcUELongN8l+4dRBvb5J+HxX":{"chainKey":{"counter":0},"chainType":2,"messageKeys":{}},"BdbsE7kkCoYqSAPryM7OL1aRp6vajb7Alg3+lC6zCH4N":{"chainKey":{"counter":0},"chainType":2,"messageKeys":{}},"BfTI6hbFoKz2b/D0unxlFhQMsUTZ7FU0rXOnoTuFycEN":{"chainKey":{"counter":1},"chainType":2,"messageKeys":{"1":"CfJTAb0U3djGr7mooaSrtbASJWadR58iArWEjif4Dko="}},"BaBII2Pz32N6xor4jLyq9XjTtG+t4Zq3RoKY1QN0wEEc":{"chainKey":{"counter":1},"chainType":2,"messageKeys":{}},"BSmWlAKxXCwguB+3+XsBJtucOAz+rJJ3g8wnDb+QPgYu":{"chainKey":{"counter":3},"chainType":2,"messageKeys":{}},"BXDiEnqCvzQZQKlFJomh+/Hnhg1cbpRKOIWjarkU1AFT":{"chainKey":{"counter":0},"chainType":2,"messageKeys":{}},"Bbu4e4Loc0UqdTCABEiQ3MkL9uuaEeSNPYQ7Bpze3lkZ":{"chainKey":{"counter":1},"chainType":2,"messageKeys":{"1":"SfNVLh6UX6CKHdoLof6/7fQVzHKLEPULvmFJximsjec="}},"BWPubccF3Zg0qLobYlIVeKwS6AwflIgYYldVQjjsTQYX":{"chainKey":{"counter":0},"chainType":2,"messageKeys":{}},"BRWooboYYAgYWpCGUMFJx/IUeP42sHUn01rRS0hjehAa":{"chainKey":{"counter":0},"chainType":2,"messageKeys":{}},"BcNGqZ7IfhuxqeaBF17FwJ/Hih78fOWU/DZ6jVZE71tP":{"chainKey":{"counter":2},"chainType":2,"messageKeys":{}},"BV+9TJo05lyfcUJgZUZe5SgQU2+7uB04Higez7sxlANv":{"chainKey":{"counter":4},"chainType":2,"messageKeys":{"2":"Rab/7Abf4opYPrLOInCALfzyS+UQPyWXA0wV1rRJ+60="}},"BaTWP2iJIheXswi5Mc3tDWdaFjtG2qjQO/IwIi7OCnIM":{"chainKey":{"counter":4},"chainType":2,"messageKeys":{"4":"nFNl4NXXLA+1k2CbKMbzM24MdWyiXsxMVoGFyTb4PPs="}},"BfTqhgkaslKVgDdcj1SO37PyKzfc7fNNIdeoqDZF1CY3":{"chainKey":{"counter":1},"chainType":2,"messageKeys":{}},"BXMI1ZPisRqFNhUp6GB8m61dkDXQeShTfmV9Rq6FqwVO":{"chainKey":{"counter":0},"chainType":2,"messageKeys":{}},"BQK6KMKBPwf1htO1Jdl8FCGaO213tK78HpD9OTMYaX8l":{"chainKey":{"counter":0},"chainType":2,"messageKeys":{}},"BUomfIyASbgC6z+ulsoK9duZzgLrV6LUwK3wx8Gj4MMc":{"chainKey":{"counter":1},"chainType":2,"messageKeys":{}},"BYJq62RKWEmglaJuHpKycllpuHlUfGc9nJJViLtStcFd":{"chainKey":{"counter":0},"chainType":2,"messageKeys":{}},"BTSc4q77MHiMDRT6lafFUwl8JnYvEES0eYQt3fQVrS0n":{"chainKey":{"counter":0},"chainType":2,"messageKeys":{}},"Bf0H8yHTjmrClqppcu6s0V4+vpoquPD2rEjcpDu2KL9O":{"chainKey":{"counter":0},"chainType":2,"messageKeys":{}},"BV+bx0kh2T4w1g8d2XLq+KNjuT6Tcg1winJ4e9Q6poM8":{"chainKey":{"counter":0},"chainType":2,"messageKeys":{}},"Bfov92PEGTrPS7FVZwYNlbUvzdaXWycPRzyGRu1leCsE":{"chainKey":{"counter":0},"chainType":2,"messageKeys":{}},"BaDukJF9/ch0s6Dholyki+AMS+OStsRp4XmvxaCTRe8j":{"chainKey":{"counter":2},"chainType":2,"messageKeys":{"2":"cpubBpfeodTOORNLv8fYq3xr6QlG46YCX+usDnURTAM="}},"BX/+jpK9viCBP1YkBkgTUAf2pZGs15n+si+iH9jhn2Bn":{"chainKey":{"counter":0},"chainType":2,"messageKeys":{}},"BZUA+rvZSpj/VMvBo9u8WAdO01kMTQDSau65CHj1R9gc":{"chainKey":{"counter":0},"chainType":2,"messageKeys":{}},"BWcWG3IeMMGWnDYOZFwscW80Yzd9jl9E+I14Fe6dlaYi":{"chainKey":{"counter":0},"chainType":2,"messageKeys":{}},"BZu5OFG+/hazpiisZ0PiEx0eOTbaz1Lp0RwVp6AShoce":{"chainKey":{"counter":0},"chainType":2,"messageKeys":{}},"BUoM380ylMj4/xLDD//JXskauuyKXujWYZll5InGIDIf":{"chainKey":{"counter":2},"chainType":2,"messageKeys":{}},"BZ0sh2WGxBNT2+MM5Q8rViRDyIhZB4iXk10PiKjD7NR6":{"chainKey":{"counter":1},"chainType":2,"messageKeys":{}},"BblL1sOLArX6KGlI4ojEMmDgWYmooFfTlFOKc7hoRzpT":{"chainKey":{"counter":0},"chainType":2,"messageKeys":{}},"BTF20QWxJuSpmz1EBNBoL7oO50ZczBJbH50l5FO3Nf99":{"chainKey":{"counter":0},"chainType":2,"messageKeys":{}},"Bbhz0z7WDFhJI5REeL7pSdYAJurgEIan26r8bCaRg6hP":{"chainKey":{"counter":2},"chainType":2,"messageKeys":{}},"BZDZtl71cyocfTJNmBbH/dvF9v0dkOScqh9rOkEyYplS":{"chainKey":{"counter":0},"chainType":2,"messageKeys":{}},"BVT9r9ThaR9sdHjCE2jUT/6yr72Kd7TbuQaD0I7l+PF9":{"chainKey":{"counter":0},"chainType":2,"messageKeys":{}},"Bcyn7dT7soF36LsIDZhnOfZORv+LOBrxf4876ZMxC0YC":{"chainKey":{"counter":0},"chainType":2,"messageKeys":{}},"Bctty5cnY6C5FcimMbGjO1fYlnfyUQaen34rmRSPavA4":{"chainKey":{"counter":0},"chainType":2,"messageKeys":{}},"BdzL4Xcg5Gz0Da4jyvKNwAWroKiiHpfe6GtpKtkOhQoY":{"chainKey":{"counter":0},"chainType":2,"messageKeys":{}},"BcBJVW5MMxvXxW7HI2+rww6ykq/ttDmjRUG5SS8HTwNi":{"chainKey":{"counter":1},"chainType":2,"messageKeys":{"0":"vxPRWKFotCdqC5qO3tnLvNogWLMVgbZL5h00EbWjwWs="}},"BWLN4H6D/xdHE0plTHWee5rzElWcipWShZsWaJOdGWA5":{"chainKey":{"counter":0},"chainType":2,"messageKeys":{}},"BaISTNd7f7ePj1MAv/ebtUIemOOX3Q/bywp3lzuwNgcv":{"chainKey":{"counter":1},"chainType":2,"messageKeys":{}},"BU1PpUPRaQiW3zS4a6+qXqq8zgwKUnuHqmYZflZlEXQ2":{"chainKey":{"counter":0},"chainType":2,"messageKeys":{}},"BXbRQgRZtJJeeTSeBdOxSoneAfG/3gtz1NTFxFiW3QFC":{"chainKey":{"counter":0},"chainType":2,"messageKeys":{}},"BQnnvtZ+QsDdKMjkr6Dsz2Y1s+LRN2r/nzoEyiXEg6oT":{"chainKey":{"counter":0},"chainType":2,"messageKeys":{}},"BX/5oDDRYECLTuDzk+KG9ZInxBtMeNOyEX3TunkjrAES":{"chainKey":{"counter":0},"chainType":2,"messageKeys":{}},"BQ8wocGW7eVMKO3hg0I18UFLf2gcgP3Y8UZsYmsgxO4/":{"chainKey":{"counter":0},"chainType":2,"messageKeys":{}},"BS4IbTcNHEFmVlrKiqfFesuP5wlP55my1T4xlSgDT05l":{"chainKey":{"counter":0},"chainType":2,"messageKeys":{}},"BQCR8KnL4sPUh2Hr+YkLhM7fV+YTL5Hrl1u3/SjL0V1N":{"chainKey":{"counter":0},"chainType":2,"messageKeys":{}},"BaP1dCyYR6RglcNKjfADfVDlUole0KfzBzAFmign89cQ":{"chainKey":{"counter":0},"chainType":2,"messageKeys":{}},"BRObXoEouMZa7FmBy3Wj4BBqS0W/Cp8q3OORk+VGelVQ":{"chainKey":{"counter":1},"chainType":2,"messageKeys":{}},"BTpPY2t37S/ajMh0jrDcWSpYMOQzZgFu0B2nw+bjnMBo":{"chainKey":{"counter":0},"chainType":2,"messageKeys":{}},"BSiDKSZ0TJHClTXs+y5/maLeoDEUM30lSv1abVRnNqEy":{"chainKey":{"counter":1},"chainType":2,"messageKeys":{}},"BUP6pKDGyfKCPn7Bqs0zmJBLTA5ZcMN3bGBVtN2cfhYY":{"chainKey":{"counter":0},"chainType":2,"messageKeys":{}},"BX/yXN7sS7qp37CjYr9XaoeFrax67+8C4sPCj2biPec1":{"chainKey":{"counter":1},"chainType":2,"messageKeys":{}},"BcE9hi427f9tV1oiqdZ/3KtLMljQzgcOqe9yiXjOp4Vs":{"chainKey":{"counter":1},"chainType":2,"messageKeys":{}},"BdmLnQVo5qaQZC9vHvibBJsIGXvVCZ664Ti+979MMHYK":{"chainKey":{"counter":0},"chainType":2,"messageKeys":{}},"BWiQ6IHxJR6k8EnunxBE8yYPeeseoZv7mVFfFkxQFele":{"chainKey":{"counter":1},"chainType":2,"messageKeys":{}},"BcOiQLEaRVQ2jQLAM+XJdRZ7F07WQVHDlRBKLWb/qCNg":{"chainKey":{"counter":1},"chainType":2,"messageKeys":{}},"BYBbVJjAQ65ToQBpSxU/2zrp6Sgk8TGWO1YEisSDhlhf":{"chainKey":{"counter":0},"chainType":2,"messageKeys":{}},"BS4xeOW4Tq0v0OMzhVX/m3gCuA776QsMItBifEKGPeYS":{"chainKey":{"counter":0},"chainType":2,"messageKeys":{}},"BQpuwVoXYpmBLuA3vCwD1T2Kchq3wSAMPGgHyd3Iig0z":{"chainKey":{"counter":1},"chainType":2,"messageKeys":{}},"BelYARSQY91W6aNE7NFZF20fJqCUjshksgmqq5wIuFMX":{"chainKey":{"counter":0},"chainType":2,"messageKeys":{}},"BZ+QuqpNyhOAsGLtgpKaA5XoLVh4Suv1Gj58ETyiDdoP":{"chainKey":{"counter":1},"chainType":2,"messageKeys":{}},"BR/GpmSMFA6ANJAF41uQ/hyKJQQMvPWf8y2AXf+y6Vc7":{"chainKey":{"counter":0},"chainType":2,"messageKeys":{}},"BQdJYJ7rYYt7TP2K1Oh8kEOVDsz9tZbVLcqJ67xkwY4k":{"chainKey":{"counter":1},"chainType":2,"messageKeys":{}},"BYk4U3bEqN65ZtKuFTp/N8ddd6aWLPS3fPEa3h67AuAi":{"chainKey":{"counter":1},"chainType":2,"messageKeys":{}},"BWR3uKVZ1Mi8WzjGZ1p2xK3ZC942fq2jgnMIbLBqnCJf":{"chainKey":{"counter":0},"chainType":2,"messageKeys":{}},"BasT7QeBXOu3twFsCAAP6mYhPYb/5JIr+UtbMuec2W8p":{"chainKey":{"counter":0},"chainType":2,"messageKeys":{}},"BeFABygedIz8Sp9xdb94ITUOP6oj72ImF5lcLcEu9px9":{"chainKey":{"counter":1},"chainType":2,"messageKeys":{}},"BXlUrsd3RGTt4Hq1vt6FlRcrk988MZ3mOj1aBiQi0AsX":{"chainKey":{"counter":0},"chainType":2,"messageKeys":{}},"BQHf2hDam5zfLgU5RBWv4JH/xrnLfDSGutY4ATGTo58K":{"chainKey":{"counter":0},"chainType":2,"messageKeys":{}},"BUvd2qQjO7sa65RuKevNXrCfp8PFxA771LS7PlTZpfBO":{"chainKey":{"counter":2},"chainType":2,"messageKeys":{}},"BeFFItKjeERtABqpV7/FSKzPHvgSMfwKI5SyVa3ZWJIK":{"chainKey":{"counter":1},"chainType":2,"messageKeys":{}},"BSG9M/dSHgWFUk2VT8RbuxIMltGQEAkPAQbqV1OYl2EP":{"chainKey":{"counter":0},"chainType":2,"messageKeys":{}},"BcziFe+4EllIxvOqXKZevHiQIjLjx+jxwOWqCGrnDhhm":{"chainKey":{"counter":1},"chainType":2,"messageKeys":{}},"BTe7EE2UILiWv9ot7X3fXmB1054WzxIMypkRR+4hCERh":{"chainKey":{"counter":1},"chainType":2,"messageKeys":{}},"Bd4azONGSqKwxldcViBBicv4KPDaV3uHg0jhEDs/tgkZ":{"chainKey":{"counter":2},"chainType":2,"messageKeys":{}},"BRp1MzK9li/+78isC+qMHzRnF4ULiNZY2jR82sw0hRwS":{"chainKey":{"counter":0},"chainType":2,"messageKeys":{}},"BdgbqSxZJfOuPWEEP0IhbimmFKTRWouIraLMU9Bagvpq":{"chainKey":{"counter":0},"chainType":2,"messageKeys":{}},"BTq/1f8c8a858tDrtwORaGwESNmEBkLBUxuG6Nj8fU8t":{"chainKey":{"counter":1},"chainType":2,"messageKeys":{}},"BQnclCTKkKQKUcznX6xszp39Wxqx70m9IJ8EAPvFNq5R":{"chainKey":{"counter":0},"chainType":2,"messageKeys":{}},"BbPY+Ik8EWeuHqEU5S5lKCo3OmPYghqRkxf1Nhjvw+gR":{"chainKey":{"counter":1},"chainType":2,"messageKeys":{}},"BZXRueECkX30xeL+vpLp5MRU+bwjU9mSaVW3Odv4I4sY":{"chainKey":{"counter":1},"chainType":2,"messageKeys":{}},"BUV+iLPb9KRO0hCNAeuRULzZia3WU1K61pG8ArJ03asY":{"chainKey":{"counter":0},"chainType":2,"messageKeys":{}},"BbsYIKrjN9AWm4E1hw4hY+Pex7C8rxVt60kDEIWknxEJ":{"chainKey":{"counter":1},"chainType":2,"messageKeys":{}},"BbnHSN45Lp/Nhl7hZR1l3gem4T1T1wuBvsG8jolQIlg8":{"chainKey":{"counter":0},"chainType":2,"messageKeys":{}},"BbGlF9V39IBNq6cYbBAaq3GHekq8uL31o4J+ZGXyfyt/":{"chainKey":{"counter":1},"chainType":2,"messageKeys":{}},"BQ9+eCF7jWpuJm7oqr7DnykNUkg+q/i1T1cgioHyq0FS":{"chainKey":{"counter":1},"chainType":2,"messageKeys":{}},"BXRm5mQ6Lvqz8fC6j0aqW/KmDgxrejyqzKeUfVwb/cxg":{"chainKey":{"counter":0},"chainType":2,"messageKeys":{}},"BT6i8b2Nm8y5YWM9t5wXbx8LxWLh3cT1+AyPY/Upo4kn":{"chainKey":{"counter":0},"chainType":2,"messageKeys":{}},"BWjEZNzt6rRbWJ7GrtwNAfrMFLFtOz6jrbBXvZiP9JQ9":{"chainKey":{"counter":0},"chainType":2,"messageKeys":{}},"BZ3g/Y3+Fp6KT6oVxf1vkOMIjCw4p4EEQLCWuc8ZDcZU":{"chainKey":{"counter":1},"chainType":2,"messageKeys":{}},"BabvDt6v0wV9hBhcJDdOU+2xHPYpcf4cfNwLqWKEuIIo":{"chainKey":{"counter":0},"chainType":2,"messageKeys":{}},"BQ2CwoUCVR0N9/KbcwH/DhFGdhFnTyWXgw6COWJJgLAJ":{"chainKey":{"counter":1},"chainType":2,"messageKeys":{}},"BaPQLkm7J5IunIMDknIcx1IAIPqocQJe+RgqfPW7DvQl":{"chainKey":{"counter":0},"chainType":2,"messageKeys":{}},"BcX4TQylRDtBwhPDYdQdr9vC9+fUh16Hf4v2zWH+Io5J":{"chainKey":{"counter":0},"chainType":2,"messageKeys":{}},"BShiB+URP3hM3kxSGeL3gbpW+HHzi1IXBcGqmoHQWYdV":{"chainKey":{"counter":0},"chainType":2,"messageKeys":{}},"BeU19DPLuKmGovHd3J0Hpo39pbwsiC+5GFh57YPV2Nxz":{"chainKey":{"counter":1},"chainType":2,"messageKeys":{}},"BazeX+7MMP/uEfwDFyBFUU936BQGBq0R52VhtDBlR+Vd":{"chainKey":{"counter":0},"chainType":2,"messageKeys":{}},"BV8/oh15XkgkTIU3IM3d+wRtaX1pB9Aaya7/8aVLwVBC":{"chainKey":{"counter":1},"chainType":2,"messageKeys":{}},"BfDop34Uy3EXOq2fI9mZdhtbGtLU5N2NCDaIhZETSGsz":{"chainKey":{"counter":0},"chainType":2,"messageKeys":{}},"BT2tpzCt7RRZXw/eg9OieOcTDoazEQonD8dnosBe6uow":{"chainKey":{"counter":0},"chainType":2,"messageKeys":{}},"BfCrF//ZEs5Cb3AK0bkm0rLJxPoXAecT8WkRrag/9IwN":{"chainKey":{"counter":0},"chainType":2,"messageKeys":{}},"BTTieARymYOURdP0sJip0vytZWlgm0qOMUTEMU4amCY5":{"chainKey":{"counter":0},"chainType":2,"messageKeys":{}},"BeiDTx84C7QeuDU8vhqONBuzOf6anaMHNT8+2xrDhC09":{"chainKey":{"counter":0},"chainType":2,"messageKeys":{}},"BYvnKeZ2nXou6NT3GW6Cv0kgYG7XiJv9eV2fEoeEhStO":{"chainKey":{"counter":0},"chainType":2,"messageKeys":{}},"BbXcduXE/DrndouJMXiFDiWQoLU2jGw+ud04mZRpFG8J":{"chainKey":{"counter":0},"chainType":2,"messageKeys":{}},"BdFLtrkNPmNiTvaxCbZyAonfnGx7tIvMZQhd9FgutZc7":{"chainKey":{"counter":0},"chainType":2,"messageKeys":{}},"BfEeXIqz+jKEcq9QvEsCZ0KjJA2zMrFlUSVrFeD0Sfl6":{"chainKey":{"counter":1},"chainType":2,"messageKeys":{}},"BUS4fWq3C4+YbsdBvMtsCuM+HOD6nZcpUqpwTk72oz4/":{"chainKey":{"counter":0},"chainType":2,"messageKeys":{}},"BS3/kC3cFw5Cu0eRT26zGWgUbBFf85JihqMT/H941bkt":{"chainKey":{"counter":0},"chainType":2,"messageKeys":{}},"BXkeyk/8OhpSAw3ZxW7Omuv3vP6ZRrAntoxQ5F9OVdRt":{"chainKey":{"counter":0},"chainType":2,"messageKeys":{}},"BRqilpwSlwOAWPDjANdVhB3lUhmc8STp5hG8AfVdNGML":{"chainKey":{"counter":0},"chainType":2,"messageKeys":{}},"BQ6eIwpVZbuRQDRQW8Ng+cKY+JROfyCyHjpcGe3GnDcV":{"chainKey":{"counter":0},"chainType":2,"messageKeys":{}},"BeTH61PbXlVYb2Zk/+JijvPT/eVhudTE6OPKvjhy1jVT":{"chainKey":{"counter":0},"chainType":2,"messageKeys":{}},"BX2VdUenTt0sxbdzYSArQ5YI6NVHUfudzFI0vL/wP78T":{"chainKey":{"counter":0},"chainType":2,"messageKeys":{}},"BRDYcDsXFfT0e7HS/RgcqaIS+TeDqFjevk1DUbvahIJN":{"chainKey":{"counter":0},"chainType":2,"messageKeys":{}},"BcoghWS2h6hRYCA5l1hR9DL02arzcoNQ0GWj+EgRTSlY":{"chainKey":{"counter":0},"chainType":2,"messageKeys":{}},"BZfZd5AsAM8cezO2+5AoTiwYSviJi14ypNKhTJVyk85J":{"chainKey":{"counter":1},"chainType":2,"messageKeys":{}},"BSkkj0YsP/+szvRnTXOZ0EogBxJLYUkyrLotdxi5kwRL":{"chainKey":{"counter":2},"chainType":2,"messageKeys":{}},"BYZcKQUrNwjkgKzO6ppxnszgXaHwsGQwGjKeZzwNFCF8":{"chainKey":{"counter":0},"chainType":2,"messageKeys":{}},"BRxuGFRBZtiRUlQcDwbpwUYpeR0xjP9SohwTjBvpPWpx":{"chainKey":{"counter":0},"chainType":2,"messageKeys":{}},"BSXQVek1mT/k2nVMrJDQbHXGhSeqntfB4xuVwGklQsls":{"chainKey":{"counter":0},"chainType":2,"messageKeys":{}},"BYhFiULiW418WXtUvHgB+IystIc1JCJXi75wksQ3YhFH":{"chainKey":{"counter":1},"chainType":2,"messageKeys":{}},"BQDAMui0Ri7bnbfPwbIK2PAgUdES9bmmbbeXYPk/C3hU":{"chainKey":{"counter":0},"chainType":2,"messageKeys":{}},"Bc8optDQ+zNl2O0jnhw7FE+UO53MGRGO+DUsaebjeclp":{"chainKey":{"counter":0},"chainType":2,"messageKeys":{}},"BQJz6HuvF/+Q3xO0DTW1S9ybyPFEagMJAL7zW/V3C0gU":{"chainKey":{"counter":0},"chainType":2,"messageKeys":{}},"BZqqo7pjWihNLnwZU9Mf77iXmBAVT3Ye21URO4M+Lm8b":{"chainKey":{"counter":0},"chainType":2,"messageKeys":{}},"BTxQBHMMGrfsWEazrtErOa1R4qq77pXbtyHBtXE84Nta":{"chainKey":{"counter":0},"chainType":2,"messageKeys":{}},"BZ8dIvkhtiK1M/41pMFux7llAFSAWu4mKPWYydzxr81D":{"chainKey":{"counter":0},"chainType":2,"messageKeys":{}},"BR+6ykYhMgM5zCKEvI2fOnw5JNOgeAX3yOSM9u008tJj":{"chainKey":{"counter":0},"chainType":2,"messageKeys":{}},"BZeJBFIHcyUqY7o7ZIcjGQKuSjtn8RNG4LbDpB8Lh/EQ":{"chainKey":{"counter":0},"chainType":2,"messageKeys":{}},"BXD12DnNmnczTQMxUaJuQDQt2o8VwQ2qRp4p5/BQvA0d":{"chainKey":{"counter":0},"chainType":2,"messageKeys":{}},"BaQFteIh8c01mXMzedi9X2ceXuTxifdBoOp19smswPxO":{"chainKey":{"counter":0},"chainType":2,"messageKeys":{}},"BVHfNXwOprdCB5ZiUjO16Jy0WzpPu+4ha0bUYRQiVhoE":{"chainKey":{"counter":0},"chainType":2,"messageKeys":{}},"BQnvt/o8+nKA262aXvb7Bj14fNBhyU8UpievFAvToXJ5":{"chainKey":{"counter":0},"chainType":2,"messageKeys":{}},"BX+tJBnCR96vpC38r30NCx7UhAh+YCfYzJbbTotXBJBj":{"chainKey":{"counter":0},"chainType":2,"messageKeys":{}},"BTCbO5MYqGoP5kVAhI4gkEzXUPBLxY0HDO4BuUqSLVoM":{"chainKey":{"counter":4},"chainType":2,"messageKeys":{}},"BekU0gfmCHCDLZQsIrJSYNvmXOVRrlm8XTwQFycYDp8V":{"chainKey":{"counter":0},"chainType":2,"messageKeys":{}},"Bc2HSZvjjl/D8tENAV++d1Z3D8rouuu1ndSxT/j98nRb":{"chainKey":{"counter":0},"chainType":2,"messageKeys":{}},"BaoNzPobYyCtaqV8f4VroKO2iU4iscrgGaJ5kjBCG/dv":{"chainKey":{"counter":0},"chainType":2,"messageKeys":{}},"Bb6Yu8V0RB1WcZ5+K0HzjDhdMgyHJE8JKsS3EuziMVZo":{"chainKey":{"counter":0},"chainType":2,"messageKeys":{}},"Bf6mQZqYaGi9aA1mywmXqjW/Agm15UU5JnwrbiBXHP4Y":{"chainKey":{"counter":0},"chainType":2,"messageKeys":{}},"BZo1P6rIfBXWPeOdklbB3ujKSVu3YyT8xE3PXI6z/+NA":{"chainKey":{"counter":0},"chainType":2,"messageKeys":{}},"BfN00SPVGBYe6abt+1drLwQ47efiUFkJ91/LXg9c2X0U":{"chainKey":{"counter":1},"chainType":2,"messageKeys":{}},"BeO4lZpSizIOCZlgiw2OBH8q5Ck2cRyvQmBs2wlPKngw":{"chainKey":{"counter":0},"chainType":2,"messageKeys":{}},"BTVN0S02JS70QwaJLIoDMd04eqoG2M8fRSHipRPEB2A6":{"chainKey":{"counter":1},"chainType":2,"messageKeys":{}},"BQ7vLlDImQTrZpg3d6JItJJnDXY8fZQd3Ma2L0g7aKtE":{"chainKey":{"counter":1},"chainType":2,"messageKeys":{}},"BSGUNaV30uYsgoPu4CX9tGV9P84kihsitvuRkiwVky8T":{"chainKey":{"counter":1},"chainType":2,"messageKeys":{}},"BeKHAxJ7vugKwF1ZwjevGyjmkmwJYNgl9R4BQr65lpwc":{"chainKey":{"counter":0},"chainType":2,"messageKeys":{}},"BQ045Hpm5CWiF8o6Kf3Czk8tUNxgDFKRyWiWQQDVMcdd":{"chainKey":{"counter":1},"chainType":2,"messageKeys":{}},"BXOUOl66rX6h4gkFG6y6+5WGAwhrKC+YXranLMG+7f81":{"chainKey":{"counter":0},"chainType":2,"messageKeys":{}},"BYR3qP7iVo7eO/4o8i7NSy32MkFI6H1O3QlVHJQZaHkS":{"chainKey":{"counter":0},"chainType":2,"messageKeys":{}},"Baze+O60xcOOJt1x4VsF3/DynmhydbtxxygaQmhaJvpP":{"chainKey":{"counter":0},"chainType":2,"messageKeys":{}},"BSmEh0Vj6Ort8ciNg9d6wpro9o7m9bkK5jequUudMpNo":{"chainKey":{"counter":0},"chainType":2,"messageKeys":{}},"BQB8S1xhEUY5UfoaNEi8IRkPY8dL34R69CCV8SHWVI5A":{"chainKey":{"counter":0},"chainType":2,"messageKeys":{}},"BSrL2G4abIemSINU5WVKWflhcmAB2jnuvK0GEh6jWZZl":{"chainKey":{"counter":1},"chainType":2,"messageKeys":{}},"Bee1tmsd1kA1CEkaTzA4zuIVWwYNGyyxDIuOoKFD32R+":{"chainKey":{"counter":0},"chainType":2,"messageKeys":{}},"BTqfYJZ9IfoTp5c7WX0smfybL6qciz9nFlkKzz0XHTpn":{"chainKey":{"counter":0},"chainType":2,"messageKeys":{}},"BcJbZCEBKMzm+T/xzQ17d/nRdoVielypaEfbM+dSQTRq":{"chainKey":{"counter":0},"chainType":2,"messageKeys":{}},"BayNjUE4BUmlqwAkDmmuyQIt4qF9aZB5cYrTsn2xbdgA":{"chainKey":{"counter":0},"chainType":2,"messageKeys":{}},"Benn+t/Ot6F+K+f6Q4E0v2oogsnyFhWIvZ8PQeNOrFFO":{"chainKey":{"counter":1},"chainType":2,"messageKeys":{}},"BcqGT52HVdq9a1NMikmdY+shAwr+lBWfqYcCaD2bVdAq":{"chainKey":{"counter":0},"chainType":2,"messageKeys":{}},"BXYpawp0eO8zqE2umg664dulbIFB433BDqmVF8Np4alb":{"chainKey":{"counter":0},"chainType":2,"messageKeys":{}},"Bc/E3SUnrvb/7asbWoy25JXOPsaTCJscutctIJz2mBB2":{"chainKey":{"counter":0},"chainType":2,"messageKeys":{}},"Bfv4QP8Se/P/Ld2uiCH7NQZoKHgtu/w/T7frPguI17I4":{"chainKey":{"counter":0},"chainType":2,"messageKeys":{}},"Bf5J+7L+vhBMcXw7VRVo2bYAKARcl34xJ8erhS67DaEy":{"chainKey":{"counter":0},"chainType":2,"messageKeys":{}},"BWkbfc88c2TB9rwm6k2NyQqI+Ts6Tjkn9Z90Ajterow8":{"chainKey":{"counter":0},"chainType":2,"messageKeys":{}},"BVMJfoLmdgEXLbUMy7an5mErov9SJPwM5Cz3gl9BQ1NX":{"chainKey":{"counter":1},"chainType":2,"messageKeys":{}},"BR6VE6q7Z8GetRFUy/pEbPniXjYFvFg0xu1esZDbeYRx":{"chainKey":{"counter":0},"chainType":2,"messageKeys":{}},"Bc0vvEjTME5GIydqrI9aC/CLMrqUk6ItgKeAbvQSzV97":{"chainKey":{"counter":3},"chainType":2,"messageKeys":{}},"BQKDDw2zhJ4IkeaVP6DZtSUXD7h9VQ4mK2/mAY9dHF5L":{"chainKey":{"counter":1},"chainType":2,"messageKeys":{}},"Bd55mX23Dv4PmEsivZC2CdsPS1RIBcO7WwCRvY8EJIIT":{"chainKey":{"counter":0},"chainType":2,"messageKeys":{}},"BbTyQdhixmiV1+1yX8dJUOHNwiozHU56i/ZOOB6+Jl0b":{"chainKey":{"counter":0},"chainType":2,"messageKeys":{}},"BayY1XNrOi3sopZTHUXrqTUcL/9Nnz0g5IpvMbsUsz5Q":{"chainKey":{"counter":0},"chainType":2,"messageKeys":{}},"BTDoQ885N/obd0Z45TubHKyLerIxOESJwGWY65XWizs/":{"chainKey":{"counter":0},"chainType":2,"messageKeys":{}},"BZ/d9q3JQ9FsOQTR7gQjyOdTqjc0qTX8qUNFfIs1YNUF":{"chainKey":{"counter":0},"chainType":2,"messageKeys":{}},"BaI9JAqSi+UmyuIPaFRMvu4Kvxu7Mq7RYOSOE/dcXtd0":{"chainKey":{"counter":0},"chainType":2,"messageKeys":{}},"BU8aMK3tFDx8wBtxEGOZQMWNNAAbASDBBTsK3K+3s1gA":{"chainKey":{"counter":0},"chainType":2,"messageKeys":{}},"Bd7ZCuoYir6MpdUKbF4rDge9jgiuxt4XVugCILapiSVV":{"chainKey":{"counter":0},"chainType":2,"messageKeys":{}},"BfRG8B1KxrQ5fU0WWD1s0OR1rQc9kbAQUfEVC4OXHyo8":{"chainKey":{"counter":1},"chainType":2,"messageKeys":{}},"Be+ccRzsLydDp5p5+cFoT4gaUDYL9Pr/VgUlH5DloJdk":{"chainKey":{"counter":0},"chainType":2,"messageKeys":{}},"BeXd5izt0IWF+RIR3d8t+8Fp8B6uAql2Yv8QNi7eqU4T":{"chainKey":{"counter":0},"chainType":2,"messageKeys":{}},"BcaoEU5LOpAfwtMAgG56nywMITEiZN8K/4fbcfh1wr4O":{"chainKey":{"counter":0},"chainType":2,"messageKeys":{}},"BYM0ESHeQusW50KSqiXwLXyG9IGZrs9R7UnqFmG8h+Un":{"chainKey":{"counter":2},"chainType":2,"messageKeys":{"1":"YSZhlQUxxedgWYpbnvhheM5yEwv0GlLSIJv0QAn1dMA="}},"BVZUsYOzLuv7aF4GizjE/7r/J9OsyAwkpsfE5e8kO5hD":{"chainKey":{"counter":0},"chainType":2,"messageKeys":{}},"BTuFjvsjthqGRqEK0H/5lIlBOvgi6nVymhGR7/xSGxIu":{"chainKey":{"counter":0},"chainType":2,"messageKeys":{}},"BXw8gRj1k4lATV9pZQawqETslFzVpTdhBVVsb48TiCN5":{"chainKey":{"counter":1},"chainType":2,"messageKeys":{"0":"WUh8ktoaf8SzUMPMjtl8PsNi07WcvxMs3hUDCPLJzFk="}},"BTZd73OQV/Ybc6cF4Ltp6qKYbEJyat8JaJeca/fqs99O":{"chainKey":{"counter":0},"chainType":2,"messageKeys":{}},"BXS+5GU439WwRSVgPhJQ7tTV+e/tjh8Sg3vlqspfVPAG":{"chainKey":{"counter":0},"chainType":2,"messageKeys":{}},"BQXf5pVi9bK3VV9bN40slUaCP8rDNSSjPDY/L51a7PET":{"chainKey":{"counter":0},"chainType":2,"messageKeys":{}},"BcI1wAYe7HZwY5fsTQyL+2Mil8BIfuSVRT/CSG6LQwsF":{"chainKey":{"counter":1},"chainType":2,"messageKeys":{}},"BS06b5Q2uW1Z394kpg07pwzjdnjGuD3Y3EmUKtTanxQM":{"chainKey":{"counter":0},"chainType":2,"messageKeys":{}},"BVGcA0SiXsVGpMnCyMmAhc6sW+vfjSgyViADVR57DhRF":{"chainKey":{"counter":0},"chainType":2,"messageKeys":{}},"BSDHWYCp91eae8pW0FPC6oWFxmuyEBfKj9e/A7A/eS90":{"chainKey":{"counter":0},"chainType":2,"messageKeys":{}},"BdfClpVg6Uv74CEpYzW9uTC0DQJAVbmwTThI8WlPpOpn":{"chainKey":{"counter":0},"chainType":2,"messageKeys":{}},"BXJJvW9/TwVgLoyZ71KH0Msedfn9uruK1oRI2NMd9D9D":{"chainKey":{"counter":0},"chainType":2,"messageKeys":{}},"Ba3aUNILwQP2OIYd0wYANfEyAp9dLEHf3Dt3vW1cJ+gM":{"chainKey":{"counter":0},"chainType":2,"messageKeys":{}},"BeyNjhYE9pEjqtB65iEmT/m1IQa/cAa5gLw44Xxk3QlY":{"chainKey":{"counter":0},"chainType":2,"messageKeys":{}},"BSMrf5+3W46dW9szRr6+qAr+nzYLgnK11PkLGANzUwxl":{"chainKey":{"counter":0},"chainType":2,"messageKeys":{}},"BbHdnzOJE3M2GiMCEhtD5JzvvEMUAeefL3Nl8HMmgfQd":{"chainKey":{"counter":1},"chainType":2,"messageKeys":{}},"BQXlDJX4Q0U54VLBm940W6oo/TEv9SpAFZYLPoOem5w3":{"chainKey":{"counter":4},"chainType":2,"messageKeys":{"0":"5LoF5A/MMIvrvP13aHACyu4zu/XiEJcUDc7gFmF5SyE="}},"BVfA08LOfS34uvfl1WTnSjG07vuhQjnqnLjMYQo45Z06":{"chainKey":{"counter":0},"chainType":2,"messageKeys":{}},"BQyGEVN/SkOtXM2ANktNSCT/xTNr9+XWJt0ooQPTW8pB":{"chainKey":{"counter":0},"chainType":2,"messageKeys":{}},"BQGJ8J/JcSmkQCYQv7DxNSza+Auvx28VfSbWUZS/vhgM":{"chainKey":{"counter":0},"chainType":2,"messageKeys":{}},"Bc+2o77A2mZcq+aJ00HYMoVFvur6T+HLh45tsrd1GYZp":{"chainKey":{"counter":0},"chainType":2,"messageKeys":{}},"BeQYSXM2+h/4mFFiK/CU2HJ5zruMtw4YKMhsA77HDJEk":{"chainKey":{"counter":0},"chainType":2,"messageKeys":{}},"BUmF9EKaZRjCpb1/fxfmidPCJeRv6bLYrIAiRs9DF4Bx":{"chainKey":{"counter":0},"chainType":2,"messageKeys":{}},"Bc2ZlEzGjBcf5jHwhY1uw7+Y0a/E6k/Lfp905Fuyrvw3":{"chainKey":{"counter":1},"chainType":2,"messageKeys":{}},"BTMQogq+qT3mNIrwefyTT5aaUc0palt79LsjZroKNOkA":{"chainKey":{"counter":2},"chainType":2,"messageKeys":{"0":"2kCyoivITE+QLFpsJpnsaBp5UUQS424DiUvGhQor6J0="}},"BXOH/Xj/2EcJcBKLFxVc4wlPqUR9WoxHdnnOoobqBM0T":{"chainKey":{"counter":0},"chainType":2,"messageKeys":{}},"BUl41H4amJz7PguXWFfGbScpwnIe4TE05ZGCJkOC/Hdm":{"chainKey":{"counter":0},"chainType":2,"messageKeys":{}},"BUcsSv2dm51TFHsEkslnvEOCEbbHN/Z3B6cngmUACPkY":{"chainKey":{"counter":0},"chainType":2,"messageKeys":{}},"BdebEg+b3b/CXmpt3CooMtMhswW7TlRuGDfRA9KMS7MO":{"chainKey":{"counter":0},"chainType":2,"messageKeys":{}},"BQI9MjSCeJTZyEycpe7ZtSxyDoQw2bHyFO3AEgrIamsD":{"chainKey":{"counter":0},"chainType":2,"messageKeys":{}},"BY8IdwPSk1d7zCLCWgDKwlS+Fp/KivfZoeBd1W5oGsAq":{"chainKey":{"counter":1},"chainType":2,"messageKeys":{}},"BRrGQ/wG9zTf9Ggps9mjdR0ZuUJkHV6etqmFZ5B6BLsB":{"chainKey":{"counter":0},"chainType":2,"messageKeys":{}},"BeH8E2XM2frMpNKEr+WGqBd41+xXsk5498MHUmISNoZ4":{"chainKey":{"counter":0},"chainType":2,"messageKeys":{}},"BXmjVms0V8v8qX/62d6BBVl7gGCeHYEYqU/Ln8RhN8FV":{"chainKey":{"counter":0},"chainType":2,"messageKeys":{}},"Be+kG9AyO5ebS6/kR4/J+R2O47LDEb+azyR2tgKFJDR5":{"chainKey":{"counter":2},"chainType":2,"messageKeys":{}},"BaIcYpmi4dCG2SjyEnQB1gVdkTKLC5GHpOvRPWk5J4os":{"chainKey":{"counter":0},"chainType":2,"messageKeys":{}},"Bfc4OTdkGoYNiWdj078+p9xeK7QsmP33dMGgpH2SP8hv":{"chainKey":{"counter":4},"chainType":2,"messageKeys":{}},"BSB9XKRJqefB/ohdWF4IBty8h6MBp8WQoPCqv17b02Rz":{"chainKey":{"counter":3},"chainType":2,"messageKeys":{}},"Be1VxnN5HMmc3sm+9HuXh4n2fWocsPj/qDm6Tx1vA9N6":{"chainKey":{"counter":0},"chainType":2,"messageKeys":{}},"BTU1Hs3vxD56LpNJadpjsHWnrs9G2U65t45g6UZ9K8sW":{"chainKey":{"counter":0},"chainType":2,"messageKeys":{}},"BSF3wqoclrM0l/fXroTrq5trHEM0/0TfggXuHGxY36Zl":{"chainKey":{"counter":0},"chainType":2,"messageKeys":{}},"Be7glDQERjn9PvtaLqLUwt+Tt6FhM+0n58gXNEsWFJsI":{"chainKey":{"counter":1},"chainType":2,"messageKeys":{}},"BRiH5WYNR3tHltyE0jdfeiq+YO8TRQdPRGn1eO7+2s4W":{"chainKey":{"counter":0},"chainType":2,"messageKeys":{}},"Be/Q2kzl0j2GEDBxYQaZtYn7CXAj0RG8ygxc67RtiSlJ":{"chainKey":{"counter":0},"chainType":2,"messageKeys":{}},"BapEaIaVq3u7C7rsyaC0TR7htQI2U6JSegD35AMILgAO":{"chainKey":{"counter":0},"chainType":2,"messageKeys":{}},"BVOl22qcfhlcvCu+1XrHEsfuk+brxvJIal89xAnW0ZIs":{"chainKey":{"counter":0},"chainType":2,"messageKeys":{}},"BTB3c21oEIy7fYVuF0E/8+MZcmufT5KqO+GMiuFSmN82":{"chainKey":{"counter":0},"chainType":2,"messageKeys":{}},"BUKwGH+AFXNwN2Yz5UINadZpxooHUBkwippUlxPAdsEp":{"chainKey":{"counter":0},"chainType":2,"messageKeys":{}},"BZ3K9wV8oQzWoHpDvA2o92oGSt1Vu5eY72qR01MbcJwo":{"chainKey":{"counter":0},"chainType":2,"messageKeys":{}},"BevaTlXGs0XIfiV52ErY/KiUpAHfiFZq8XmkOfVzFVkM":{"chainKey":{"counter":1},"chainType":2,"messageKeys":{}},"BTiM8EtEyBkGqs4KiXyVTHhYNGyQhmH11nikQ0clMqZ1":{"chainKey":{"counter":0},"chainType":2,"messageKeys":{}},"Be0PX53kWXgTxoNf6z6KXAfAPs+1TQyK1ItARWMZwaRR":{"chainKey":{"counter":1},"chainType":2,"messageKeys":{}},"BYnyBYMX8Y+KcIedCGrS6Cn+A+mg4akHdbHIq6xcz+Ue":{"chainKey":{"counter":0},"chainType":2,"messageKeys":{}},"BZX4Yw4OHTX/HhHYlulcehik5TcN/aT9+tIiMrOMWJFp":{"chainKey":{"counter":0},"chainType":2,"messageKeys":{}},"Bf9gsVdVVQ8gfLramHNRDdCP2TfJNaWhly4be54unQR3":{"chainKey":{"counter":1},"chainType":2,"messageKeys":{}},"BdqYvGU4w5p6Ci6dirFrMaQ+CDKnpRNerCclRDROhbEu":{"chainKey":{"counter":0},"chainType":2,"messageKeys":{}},"BXINfxL8/zfJwSZB/Shtpjg7j+XqtO7ydlq+tdE8p4gl":{"chainKey":{"counter":1},"chainType":2,"messageKeys":{}},"BUKJazKs1DMx7Zy6IKUw9PMvCLYy5OCg1jNRHgxaJr84":{"chainKey":{"counter":0},"chainType":2,"messageKeys":{}},"BUVGwr4vOn/HuIUlca1YfcUpw/dF2x+JZkdqYyaJYc0v":{"chainKey":{"counter":0},"chainType":2,"messageKeys":{}},"BQxJY1b2qg6upAnjO3VBxWEUW6Divao6usbdWvIGldxR":{"chainKey":{"counter":0},"chainType":2,"messageKeys":{}},"BdaDcxigl3eQRb2lmh2NA1L4KBTx/fC88an6UqhI1DtT":{"chainKey":{"counter":0},"chainType":2,"messageKeys":{}},"BX4D5lWL6weZ+DyGSzI2N/QVJrug7q6pfCh1fxbacBo0":{"chainKey":{"counter":0},"chainType":2,"messageKeys":{}},"BYkuzblvs6prWkztLflNouIXD5L9Ub/K2AbzSlJdS7QZ":{"chainKey":{"counter":0},"chainType":2,"messageKeys":{}},"BcfYdHCkMDfw6S9zUZKTV5ZJOZ20anOR2VzwbJlGoFRO":{"chainKey":{"counter":0},"chainType":2,"messageKeys":{}},"BQ3MTrb0vRNNFbMm3UOALPW0TU6dWZefQ3ugbm2f7XIf":{"chainKey":{"counter":0},"chainType":2,"messageKeys":{}},"Be4JjuiXevwEQ2JhmF4xta0WnyIIPO6OgpeW+GfFBzo0":{"chainKey":{"counter":0},"chainType":2,"messageKeys":{}},"Bfb2UK9sV8GY3baO7/DgoIODyOFfZ+zq7iLXLQxUJJg8":{"chainKey":{"counter":0},"chainType":2,"messageKeys":{}},"BXMZCOElwCQemdIQ2ojP8cb4Kx/pJ/o9NVkWKSHZCc9m":{"chainKey":{"counter":0},"chainType":2,"messageKeys":{}},"BTTFFRozMEZee9HrpTUfenmTBMFwNYMmAFyCPg5Qru1/":{"chainKey":{"counter":0},"chainType":2,"messageKeys":{}},"BfQqIZCnSxEKu7fDx2PsyL33ylOWRx1jXaffh3jOLYJA":{"chainKey":{"counter":0},"chainType":2,"messageKeys":{}},"BTe3scTgoiAlNbbvESFv+eYabrJwChUZePyrlGkJM7JB":{"chainKey":{"counter":0},"chainType":2,"messageKeys":{}},"BfjvUNZj9+gUhWfUt65b2TCN5NQqVirusDuTM9cvzlgq":{"chainKey":{"counter":0},"chainType":2,"messageKeys":{}},"BRmw2xOtV/AMJ7PE9QZlCfwQq1uMUU7uWByK17r3eagP":{"chainKey":{"counter":0},"chainType":2,"messageKeys":{}},"BdbM7Z+q8WjIj8gp9SskkpxsZ3zLGmRQL8oFfEdYuyRL":{"chainKey":{"counter":0,"key":"DuPnOMDUFv0dt7goQHxmV1Vazwh0ZFbX4DBzrGL7GTI="},"chainType":2,"messageKeys":{}},"BfkieP0gfd0T4hofvZ5ZMH0x9YOK5B3UKJ1ch+wXL5pZ":{"chainKey":{"counter":-1,"key":"AUahQ3e8c0RmW2IdypPBFZSYzhDfBBu3VqBh1SmRRiY="},"chainType":1,"messageKeys":{}}}}},"version":"v1"}