{"_sessions":{"BSPqS5Z4nyOE3EakCHMXkbMUgFU11G7njjFWACvZOM8C":{"registrationId":793733671,"currentRatchet":{"ephemeralKeyPair":{"pubKey":"BZA2OPiusH2Sx5XzijGQ4X+uvpnDYNeNKAtkSMonIw1Q","privKey":"OLriNE0YnP2dZM1kCK1IRSIP/oTqamoQlh+uGQUYuF0="},"lastRemoteEphemeralKey":"Bbmxm+lSkn++cQ/Q0rfImGolWG7df+ZZF0q+OBCNO/lw","previousCounter":0,"rootKey":"7FPXXkm6NUuk72nkzcum3cc2SU/XjDSwH7iHRoxveTQ="},"indexInfo":{"baseKey":"BSPqS5Z4nyOE3EakCHMXkbMUgFU11G7njjFWACvZOM8C","baseKeyType":2,"closed":1719100374174,"used":1719100373151,"created":1719100373150,"remoteIdentityKey":"BRquqw9eHsQJAMAskq3/ENAY+QG3JCKoiZLfyfzLGyZB"},"_chains":{"Bbmxm+lSkn++cQ/Q0rfImGolWG7df+ZZF0q+OBCNO/lw":{"chainKey":{"counter":4,"key":"brtEXoGDVVvXbrGWhCmsWHtOBBOTN0ooWWeFK5IGySg="},"chainType":2,"messageKeys":{}},"BZA2OPiusH2Sx5XzijGQ4X+uvpnDYNeNKAtkSMonIw1Q":{"chainKey":{"counter":-1,"key":"GObLSjjlB3Z6TGXZkovASvsUq6w4znhECzZvBQ1YIMo="},"chainType":1,"messageKeys":{}}}},"BbmkJ/FTgqFnpRrFFXzfAS0TMbUspChV80LVqcMVLK0H":{"registrationId":793733671,"currentRatchet":{"ephemeralKeyPair":{"pubKey":"BWjCmXHZrl/MsV4S/gTJtk2H1AUKomzna+rsIPvLxckv","privKey":"gCqmW+HTjKixxBd+3V7B5JoZo4oF9k6TpeGmEAhdOnQ="},"lastRemoteEphemeralKey":"BRCaGzXB1F8UmHerdYkEotRR9n5hxBIIz1psBznz6NBQ","previousCounter":0,"rootKey":"SQ5i3NfKA8hgGd07rLFnDp9SoEiMa1ZC95tDCRZTxtI="},"indexInfo":{"baseKey":"BbmkJ/FTgqFnpRrFFXzfAS0TMbUspChV80LVqcMVLK0H","baseKeyType":2,"closed":1719100740351,"used":1719100843218,"created":1719100374190,"remoteIdentityKey":"BRquqw9eHsQJAMAskq3/ENAY+QG3JCKoiZLfyfzLGyZB"},"_chains":{"Bcgkzkt5oXePynCu29h/rAI8EEkApYd/KEEJKER0Eu8F":{"chainKey":{"counter":2},"chainType":2,"messageKeys":{"2":"V+uantPMdqQm5NTv5g9bATgmxrwgWJEbynM7Ccn07AE="}},"Bfc9mRLEIfWuut52njN3PD4kXHxF8sxyx7h8CnHaLK4Y":{"chainKey":{"counter":0},"chainType":2,"messageKeys":{}},"BVjAWG4xowBuFhGLatNpHdcfZqc/reAWkMfbWkZdJgUs":{"chainKey":{"counter":0},"chainType":2,"messageKeys":{}},"BRCaGzXB1F8UmHerdYkEotRR9n5hxBIIz1psBznz6NBQ":{"chainKey":{"counter":2,"key":"Fc/OPktVmJQue2xtKdTFhNym/d2hH9tmhasHl3tqVCg="},"chainType":2,"messageKeys":{}},"BWjCmXHZrl/MsV4S/gTJtk2H1AUKomzna+rsIPvLxckv":{"chainKey":{"counter":-1,"key":"TPmdeuTB4jvH0kCGiLvNop8TWsOyymCg13mCtZiHAJc="},"chainType":1,"messageKeys":{}}}},"BcivihHxevUlHXAv4z2W0VcL7rY2N2qYGGQpzqnArt1U":{"registrationId":793733671,"currentRatchet":{"ephemeralKeyPair":{"pubKey":"BVzI5jgqAaaqG/QqryEBaapJJxm6RXY3ADrrszQJ3zRa","privKey":"uP6WHNTLI3jLoZEWvkN9pmlVuLbr6NS8JGUOHohmZ20="},"lastRemoteEphemeralKey":"BRCaGzXB1F8UmHerdYkEotRR9n5hxBIIz1psBznz6NBQ","previousCounter":-1,"rootKey":"xkYjzInAVIm6fOveYzk4eFKWEtktfgFq+VMvEeFjARQ="},"indexInfo":{"baseKey":"BcivihHxevUlHXAv4z2W0VcL7rY2N2qYGGQpzqnArt1U","baseKeyType":1,"closed":1719100837312,"used":1719100740350,"created":1719100740350,"remoteIdentityKey":"BRquqw9eHsQJAMAskq3/ENAY+QG3JCKoiZLfyfzLGyZB"},"_chains":{"BRCaGzXB1F8UmHerdYkEotRR9n5hxBIIz1psBznz6NBQ":{"chainKey":{"counter":1,"key":"iZ/Zj8M4UEW0VME+Ruxeqn02dDtSpZV/4bFUD1B6rIw="},"chainType":2,"messageKeys":{"0":"QurKV4WqC2We4mlFnKDcoFriRFt21Ok0ihPWP+DVc8M="}},"BVzI5jgqAaaqG/QqryEBaapJJxm6RXY3ADrrszQJ3zRa":{"chainKey":{"counter":-1,"key":"rvqxxc0GPRXmioS3CT/IBzb6w7VR7tvUFZxACuY4scE="},"chainType":1,"messageKeys":{}}},"pendingPreKey":{"signedKeyId":1,"baseKey":"BcivihHxevUlHXAv4z2W0VcL7rY2N2qYGGQpzqnArt1U","preKeyId":9275781}},"BZKzdIB5Q2Kvtnz7m8QjfsJoIMCQYC42buK2iaW22Ecv":{"registrationId":793733671,"currentRatchet":{"ephemeralKeyPair":{"pubKey":"BVuAjyIioRH9EWBMzFzM2h20eBwbxyDokp88j6nY38Az","privKey":"sPIiLiqz6CAqM0JRGnt35U2j/xFj85Q5fNaStH39g2I="},"lastRemoteEphemeralKey":"BRCaGzXB1F8UmHerdYkEotRR9n5hxBIIz1psBznz6NBQ","previousCounter":-1,"rootKey":"OXcCzIlclHO7gZrY5nadbYbO8xHTxI2BfmPPOU6THFo="},"indexInfo":{"baseKey":"BZKzdIB5Q2Kvtnz7m8QjfsJoIMCQYC42buK2iaW22Ecv","baseKeyType":1,"closed":1719100844549,"used":1719100837304,"created":1719100837304,"remoteIdentityKey":"BRquqw9eHsQJAMAskq3/ENAY+QG3JCKoiZLfyfzLGyZB"},"_chains":{"BRCaGzXB1F8UmHerdYkEotRR9n5hxBIIz1psBznz6NBQ":{"chainKey":{"counter":2,"key":"O4Rh5PFDkW2SjfwuFMqQTGwDOgBUrs7arKWK7nbtq0I="},"chainType":2,"messageKeys":{"0":"qUCTIKNHXVj164diFn6u8jsIHJAvLydhPrDAW4oQBHE=","1":"w1DNKxlRpWe9JWAqR44fctDd10YWwI8+b3WYp8+pQ80="}},"BVuAjyIioRH9EWBMzFzM2h20eBwbxyDokp88j6nY38Az":{"chainKey":{"counter":0,"key":"YZJCKbaUdR7y9sKj8oojo3oHojngrWFPfWyzbYGFcxM="},"chainType":1,"messageKeys":{}}},"pendingPreKey":{"signedKeyId":1,"baseKey":"BZKzdIB5Q2Kvtnz7m8QjfsJoIMCQYC42buK2iaW22Ecv","preKeyId":9275743}},"Bf4hjDRcy3ZpUfn0jlB53Boe7GXaVjPDS+STUQOrVS0n":{"registrationId":793733671,"currentRatchet":{"ephemeralKeyPair":{"pubKey":"BVxq2r2vi2W1ajUGHrXrelmchssFoINc9epUDb4tOydC","privKey":"AB2MRR+XjDY+oydcynKhH7LW1PauzmOECUy02mAPlG4="},"lastRemoteEphemeralKey":"BVqW6jiMaRRXh2/qkiXsHoiPT503rvu2Y24wDTpF7JMu","previousCounter":0,"rootKey":"qaFQo/S0K0TWVOMdqPCMby4rzJXM4Xy2Hlnmcrs/fPQ="},"indexInfo":{"baseKey":"Bf4hjDRcy3ZpUfn0jlB53Boe7GXaVjPDS+STUQOrVS0n","baseKeyType":1,"closed":-1,"used":1719100844546,"created":1719100844546,"remoteIdentityKey":"BRquqw9eHsQJAMAskq3/ENAY+QG3JCKoiZLfyfzLGyZB"},"_chains":{"BVxq2r2vi2W1ajUGHrXrelmchssFoINc9epUDb4tOydC":{"chainKey":{"counter":-1,"key":"dvGesM8IRmEp0PjgKZbZwR+DTjyf16XVhibx22xLqrQ="},"chainType":1,"messageKeys":{}}},"pendingPreKey":{"signedKeyId":1,"baseKey":"Bf4hjDRcy3ZpUfn0jlB53Boe7GXaVjPDS+STUQOrVS0n","preKeyId":9275822}}},"version":"v1"}