{"_sessions":{"BWIa+PoMf1gxpirR2Xt21uJ83pOgcK/U8vKohHmo3vhu":{"registrationId":2076094701,"currentRatchet":{"ephemeralKeyPair":{"pubKey":"BQwdrLj0VueJAZ7ffa5DtQSdQ7+2pCdogrTMkJzx/s8Q","privKey":"OLBwZZnvJEdGBgtRbjjRUQJaztQ8UQcB+eOei/pAa08="},"lastRemoteEphemeralKey":"BctKC5FdOR+8SPYQPB2JBFR+VLol7+4BhDUJnpQMdfZH","previousCounter":0,"rootKey":"2NPPjs3sWAo7HyeT1XfgVRb6whc87egHeAZ8eWW+3a0="},"indexInfo":{"baseKey":"BWIa+PoMf1gxpirR2Xt21uJ83pOgcK/U8vKohHmo3vhu","baseKeyType":1,"closed":-1,"used":1719017260945,"created":1719017260945,"remoteIdentityKey":"BQXT/T/E1Iy8nukpGh9y9i7tbWSWJ3mXyR9KOOi1zfQt"},"_chains":{"BQwdrLj0VueJAZ7ffa5DtQSdQ7+2pCdogrTMkJzx/s8Q":{"chainKey":{"counter":1,"key":"G5GINld6VdFse02SAU9zITqv9rz9G5RDj9Yu1OPTHBQ="},"chainType":1,"messageKeys":{}}},"pendingPreKey":{"signedKeyId":0,"baseKey":"BWIa+PoMf1gxpirR2Xt21uJ83pOgcK/U8vKohHmo3vhu","preKeyId":16594425}}},"version":"v1"}