{"_sessions":{"BThzpaTrWiTllGjN/AqNNLjXszwHfehSxWcluUcVr00K":{"registrationId":248,"currentRatchet":{"ephemeralKeyPair":{"pubKey":"Bb9wETX7ISwq/IiWtwNi7r8srAXbe4/L0sMlpC7ZFZYi","privKey":"wPRzhjXTAOSTEN9uxFCcEAxBuU8bo4wVOvybxcnQQ2k="},"lastRemoteEphemeralKey":"BYoVfee8W+JvLajFV/q+//mcKMX9pfs4urrvklxHFnMh","previousCounter":0,"rootKey":"WsRCh9IrA+/Z0o6NeEAXMmzJm7ovDBvVf7lkPC2Uf2o="},"indexInfo":{"baseKey":"BThzpaTrWiTllGjN/AqNNLjXszwHfehSxWcluUcVr00K","baseKeyType":1,"closed":-1,"used":1719100446197,"created":1719100446197,"remoteIdentityKey":"BeMVHdqc/cOEsS67xwqjpBdnGhm+Gu+R7z5lPCM0a24K"},"_chains":{"Bb9wETX7ISwq/IiWtwNi7r8srAXbe4/L0sMlpC7ZFZYi":{"chainKey":{"counter":5,"key":"EvbmTr6luxGz33lMT0/K+pt9MiqRBETHh0MaVl3K6lc="},"chainType":1,"messageKeys":{}}},"pendingPreKey":{"signedKeyId":1,"baseKey":"BThzpaTrWiTllGjN/AqNNLjXszwHfehSxWcluUcVr00K"}}},"version":"v1"}